year,state,avg_wg,wg_diff
1969,AK,7.3165693390279758,
1970,AK,7.326187559151971,0.0096182201239951581
1971,AK,7.3562171948659643,0.030029635713993308
1972,AK,7.3638511145458674,0.0076339196799031228
1973,AK,7.44519901702376,0.081347902477892475
1974,AK,7.48111136203681,0.035912345013049851
1975,AK,7.5007203492498347,0.019608987213024953
1976,AK,7.5325693978144121,0.031849048564577487
1977,AK,7.5163358609826521,-0.016233536831760098
1978,AK,7.5354949893259953,0.019159128343343212
1979,AK,7.54619538444905,0.010700395123055095
1980,AK,7.5717380064250648,0.025542621976014424
1981,AK,7.6015177064514114,0.029779700026346667
1982,AK,7.6350555487958349,0.033537842344423474
1983,AK,7.6285096169770092,-0.0065459318188256788
1984,AK,7.6461672628912281,0.017657645914218811
1985,AK,7.6515417419226948,0.0053744790314667057
1986,AK,7.6714053992145557,0.019863657291860903
1987,AK,7.636832848152447,-0.034572551062108658
1988,AK,7.626554921263037,-0.010277926889409983
1989,AK,7.643832152922613,0.017277231659575953
1990,AK,7.6451516545635334,0.0013195016409204285
1991,AK,7.6656389697538048,0.02048731519027136
1992,AK,7.6468146783005952,-0.018824291453209518
1993,AK,7.6431739453084289,-0.0036407329921663845
1994,AK,7.6343108218003408,-0.0088631235080880444
1995,AK,7.6334966521966159,-0.00081416960372493463
1996,AK,7.6164572809943,-0.017039371202315579
1997,AK,7.5861190101670672,-0.03033827082723306
1998,AK,7.6058111491982476,0.019692139031180389
1999,AK,7.6016315892290249,-0.0041795599692227015
2000,AK,7.6237204858024841,0.022088896573459138
2001,AK,7.5959340935795474,-0.027786392222936662
2002,AK,7.5725230139972011,-0.023411079582346339
2003,AK,7.5472918500146635,-0.025231163982537552
2004,AK,7.5317371525428793,-0.015554697471784174
1969,AL,7.1944756414298334,
1970,AL,7.1915762755349553,-0.0028993658948781587
1971,AL,7.2095838837596746,0.018007608224719363
1972,AL,7.2106847509834227,0.0011008672237480255
1973,AL,7.2027740082514642,-0.0079107427319584644
1974,AL,7.23289914170445,0.030125133452985509
1975,AL,7.2168016158004962,-0.016097525903953525
1976,AL,7.2612591331756757,0.044457517375179556
1977,AL,7.2756034885352712,0.01434435535959544
1978,AL,7.2675596740917046,-0.00804381444356661
1979,AL,7.2966934250328066,0.029133750941102043
1980,AL,7.3122277980843249,0.01553437305151828
1981,AL,7.3066273175811283,-0.0056004805031966143
1982,AL,7.30059554704806,-0.0060317705330685811
1983,AL,7.3085146165612782,0.007919069513218524
1984,AL,7.30474299104155,-0.0037716255197279835
1985,AL,7.2978686097671046,-0.0068743812744456179
1986,AL,7.3033177914224678,0.0054491816553632333
1987,AL,7.3012367573831227,-0.00208103403934512
1988,AL,7.30535681420293,0.0041200568198069831
1989,AL,7.2858001098779992,-0.019556704324930507
1990,AL,7.2784505620020905,-0.0073495478759086907
1991,AL,7.251638949864895,-0.026811612137195517
1992,AL,7.2636704092777045,0.012031459412809475
1993,AL,7.24191206278579,-0.021758346491914438
1994,AL,7.2154033371352391,-0.026508725650550957
1995,AL,7.19953771852865,-0.01586561860658886
1996,AL,7.1853090571138463,-0.014228661414803945
1997,AL,7.1767033421622788,-0.008605714951567478
1998,AL,7.177573614795226,0.00087027263294725543
1999,AL,7.15965414923507,-0.017919465560155778
2000,AL,7.1164104667285066,-0.04324368250656363
2001,AL,7.1056714110179522,-0.010739055710554446
2002,AL,7.0816402839852248,-0.024031127032727362
2003,AL,7.0690189453522967,-0.012621338632928136
2004,AL,7.0375198237699159,-0.031499121582380774
1969,AR,7.2444574704707305,
1970,AR,7.2521714998389006,0.0077140293681701166
1971,AR,7.2623781505336922,0.010206650694791541
1972,AR,7.2726080819759931,0.010229931442300888
1973,AR,7.2780595972614757,0.0054515152854826
1974,AR,7.2772762571383689,-0.00078334012310676826
1975,AR,7.2551165618591131,-0.022159695279255764
1976,AR,7.2929668705057473,0.03785030864663419
1977,AR,7.310024694178284,0.01705782367253672
1978,AR,7.316452353528228,0.0064276593499439372
1979,AR,7.3543849712072005,0.037932617678972491
1980,AR,7.3417457433965705,-0.012639227810629983
1981,AR,7.3477214986956412,0.0059757552990706841
1982,AR,7.3565750348214181,0.0088535361257768841
1983,AR,7.3315796552808417,-0.0249953795405764
1984,AR,7.3570266182317985,0.025446962950956831
1985,AR,7.31046992804822,-0.046556690183578553
1986,AR,7.3188949733121031,0.008425045263883213
1987,AR,7.3058380277684822,-0.013056945543620913
1988,AR,7.29125741942103,-0.014580608347452007
1989,AR,7.2733166709977857,-0.017940748423244557
1990,AR,7.2628838121838895,-0.010432858813896217
1991,AR,7.2610395545211128,-0.0018442576627766272
1992,AR,7.2651949983636648,0.0041554438425519535
1993,AR,7.259594787528429,-0.0056002108352357638
1994,AR,7.2550743435991691,-0.0045204439292598764
1995,AR,7.2558958596984766,0.00082151609930747327
1996,AR,7.242146395339093,-0.013749464359383623
1997,AR,7.26424779348498,0.022101398145887075
1998,AR,7.2363672216136257,-0.027880571871354398
1999,AR,7.2329732994728158,-0.0033939221408099129
2000,AR,7.2281718402195745,-0.0048014592532412692
2001,AR,7.2027434114952369,-0.025428428724337593
2002,AR,7.2033340518450943,0.000590640349857452
2003,AR,7.1843767731092925,-0.018957278735801886
2004,AR,7.158202492001819,-0.02617428110747344
1969,AZ,7.179408434080484,
1970,AZ,7.2334674465750757,0.054059012494591663
1971,AZ,7.2553837274715383,0.021916280896462581
1972,AZ,7.2626178535029959,0.0072341260314576772
1973,AZ,7.2917271477694827,0.029109294266486785
1974,AZ,7.2835218976568035,-0.0082052501126792521
1975,AZ,7.3048733837428665,0.021351486086063076
1976,AZ,7.3366298575674191,0.0317564738245526
1977,AZ,7.366054861188978,0.029425003621558865
1978,AZ,7.3546741182240369,-0.011380742964941071
1979,AZ,7.3671902453894456,0.012516127165408619
1980,AZ,7.3787603775417461,0.011570132152300516
1981,AZ,7.3662628197053746,-0.01249755783637152
1982,AZ,7.3976667553372941,0.031403935631919566
1983,AZ,7.3897894655272536,-0.0078772898100405442
1984,AZ,7.3719077192290055,-0.017881746298248125
1985,AZ,7.3760236793087914,0.0041159600797859852
1986,AZ,7.3780658692887942,0.0020421899800027177
1987,AZ,7.37095072493443,-0.0071151443543637782
1988,AZ,7.3734839858712569,0.0025332609368264869
1989,AZ,7.3690611006841706,-0.0044228851870862229
1990,AZ,7.35740957829268,-0.011651522391490587
1991,AZ,7.3516856494394434,-0.0057239288532366928
1992,AZ,7.3421193227125849,-0.00956632672685842
1993,AZ,7.3133550488175878,-0.028764273894997139
1994,AZ,7.313814446400241,0.0004593975826532315
1995,AZ,7.3223274769529887,0.008513030552747658
1996,AZ,7.3081967463580089,-0.014130730594979823
1997,AZ,7.3063886233390161,-0.0018081230189928021
1998,AZ,7.3088546937523446,0.0024660704133285805
1999,AZ,7.3175601608472105,0.00870546709486586
2000,AZ,7.3011999267542995,-0.016360234092910986
2001,AZ,7.295753425153233,-0.0054465016010665224
2002,AZ,7.2946774746772123,-0.001075950476020715
2003,AZ,7.2681210371337013,-0.026556437543511002
2004,AZ,7.2546850932290425,-0.013435943904658743
1969,CA,7.2712084979562626,
1970,CA,7.3020239361260186,0.030815438169756071
1971,CA,7.3199317078366519,0.017907771710633291
1972,CA,7.3361941078415231,0.016262400004871225
1973,CA,7.3439730290576355,0.0077789212161123444
1974,CA,7.3723388875674427,0.028365858509807218
1975,CA,7.380203568438275,0.0078646808708322524
1976,CA,7.40979207847154,0.029588510033264903
1977,CA,7.4274430814643129,0.017651002992773
1978,CA,7.4069843115489871,-0.020458769915325803
1979,CA,7.421084321298042,0.014100009749054898
1980,CA,7.4373051939225805,0.016220872624538529
1981,CA,7.4307563750594605,-0.0065488188631199762
1982,CA,7.4418912915401,0.011134916480639134
1983,CA,7.4331387453044506,-0.008752546235649028
1984,CA,7.4416905129175808,0.0085517676131301457
1985,CA,7.4470704291031069,0.0053799161855261346
1986,CA,7.4474548524981348,0.00038442339502786638
1987,CA,7.4410306557939929,-0.0064241967041418491
1988,CA,7.4408044716581925,-0.00022618413580044461
1989,CA,7.4289843162429978,-0.011820155415194655
1990,CA,7.4412790600504213,0.012294743807423458
1991,CA,7.4385769971050637,-0.0027020629453575751
1992,CA,7.4247469972561086,-0.013829999848955055
1993,CA,7.4108779468351091,-0.013869050420999507
1994,CA,7.40248768130942,-0.00839026552568889
1995,CA,7.40637673210108,0.0038890507916597983
1996,CA,7.4061878877301828,-0.00018884437089727868
1997,CA,7.3992697518454129,-0.00691813588476986
1998,CA,7.4043501661726392,0.0050804143272262792
1999,CA,7.4100860598092044,0.0057358936365652369
2000,CA,7.40477203349345,-0.0053140263157542833
2001,CA,7.3828727969927659,-0.02189923650068426
2002,CA,7.3719104349956952,-0.01096236199707068
2003,CA,7.3451228646098272,-0.026787570385867987
2004,CA,7.3223436372185855,-0.022779227391241719
1969,CO,6.9296036412916324,
1970,CO,6.9448360424110538,0.015232401119421368
1971,CO,6.9693691405518852,0.024533098140831378
1972,CO,6.9919386144001718,0.02256947384828667
1973,CO,6.993783590266597,0.0018449758664251803
1974,CO,7.0042316127198232,0.01044802245322618
1975,CO,7.0090561397539943,0.0048245270341711333
1976,CO,7.0482544547434367,0.039198314989442373
1977,CO,7.0681097162647584,0.019855261521321665
1978,CO,7.0766371028297579,0.0085273865649995173
1979,CO,7.0913409981233189,0.014703895293560976
1980,CO,7.0899361677842609,-0.0014048303390579164
1981,CO,7.1071865658943469,0.017250398110085996
1982,CO,7.1131101738583773,0.0059236079640303529
1983,CO,7.1176073984128125,0.0044972245544352418
1984,CO,7.131051359905844,0.013443961493031509
1985,CO,7.1311698533535219,0.00011849344767789205
1986,CO,7.13807389030968,0.0069040369561577108
1987,CO,7.1330052072367565,-0.0050686830729231858
1988,CO,7.14228344315832,0.0092782359215632937
1989,CO,7.1364277998182182,-0.0058556433401015795
1990,CO,7.1144578568214474,-0.021969942996770797
1991,CO,7.1101822756531208,-0.0042755811683266032
1992,CO,7.0995841500113075,-0.010598125641813283
1993,CO,7.0955283775421627,-0.0040557724691447916
1994,CO,7.0931217678248126,-0.0024066097173500722
1995,CO,7.0963406244562535,0.0032188566314408362
1996,CO,7.0828810053871383,-0.013459619069115192
1997,CO,7.0780855053606846,-0.0047955000264536807
1998,CO,7.0844031049625578,0.0063175996018731695
1999,CO,7.0896079775908634,0.0052048726283056013
2000,CO,7.1040685916252517,0.014460614034388364
2001,CO,7.07698146619656,-0.027087125428691294
2002,CO,7.064023724314203,-0.012957741882357432
2003,CO,7.0469286578428774,-0.017095066471325637
2004,CO,7.0341759502067776,-0.012752707636099814
1969,CT,7.1480855189013051,
1970,CT,7.1884547408067458,0.040369221905440789
1971,CT,7.2088138469793357,0.020359106172589847
1972,CT,7.225124558286204,0.016310711306868342
1973,CT,7.2666810207766295,0.041556462490425439
1974,CT,7.2904886914657334,0.023807670689103944
1975,CT,7.2785507285782929,-0.011937962887440534
1976,CT,7.2925418946644971,0.01399116608620421
1977,CT,7.3218666844877829,0.029324789823285791
1978,CT,7.3297767143822847,0.0079100298945018466
1979,CT,7.3199144408801136,-0.00986227350217117
1980,CT,7.3655147357835871,0.045600294903473504
1981,CT,7.3543104914563147,-0.011204244327272406
1982,CT,7.36954254922722,0.015232057770905527
1983,CT,7.37625641499088,0.006713865763659399
1984,CT,7.398196906729587,0.021940491738707379
1985,CT,7.4039513862485888,0.005754479519001876
1986,CT,7.4169179232038918,0.012966536955302921
1987,CT,7.4140295219768033,-0.002888401227088444
1988,CT,7.409860371255097,-0.0041691507217063162
1989,CT,7.3821635977683808,-0.027696773486716175
1990,CT,7.4092105501586314,0.027046952390250567
1991,CT,7.3812313270099059,-0.027979223148725474
1992,CT,7.4094519757578823,0.028220648747976362
1993,CT,7.4018499530664021,-0.007602022691480137
1994,CT,7.4038227776820893,0.0019728246156871521
1995,CT,7.3882753920462232,-0.015547385635866107
1996,CT,7.3746811261207146,-0.013594265925508608
1997,CT,7.3569147943985236,-0.017766331722190998
1998,CT,7.3507967788536526,-0.0061180155448710138
1999,CT,7.3503124748628528,-0.0004843039907997948
2000,CT,7.3665912779552247,0.016278803092371952
2001,CT,7.35376930565023,-0.012821972304994489
2002,CT,7.3276057216516364,-0.026163583998593865
2003,CT,7.3277887831653867,0.00018306151375035995
2004,CT,7.313131512038999,-0.014657271126387705
1969,DC,6.9786538450570932,
1970,DC,7.0161336455305365,0.037479800473443348
1971,DC,7.0133504502880113,-0.0027831952425252382
1972,DC,7.0642715738558266,0.050921123567815307
1973,DC,7.0753951507849964,0.011123576929169765
1974,DC,7.0777844026550367,0.0023892518700403542
1975,DC,7.0952687638979555,0.017484361242918744
1976,DC,7.1444718955374471,0.049203131639491637
1977,DC,7.1303157266002568,-0.014156168937190294
1978,DC,7.1167413788568838,-0.013574347743372961
1979,DC,7.1629253300207081,0.046183951163824233
1980,DC,7.114363752802471,-0.048561577218237062
1981,DC,7.1253191700874234,0.010955417284952418
1982,DC,7.1005853158325882,-0.024733854254835208
1983,DC,7.0877786315673221,-0.0128066842652661
1984,DC,7.1169461066530131,0.029167475085690953
1985,DC,7.0886203019258307,-0.02832580472718238
1986,DC,7.1064436848277763,0.017823382901945628
1987,DC,7.0923406289387607,-0.014103055889015614
1988,DC,7.0691584603655748,-0.023182168573185891
1989,DC,7.0174251530671476,-0.051733307298427178
1990,DC,7.020092358255881,0.0026672051887333126
1991,DC,6.9832835786613083,-0.036808779594572627
1992,DC,7.0109900982703284,0.027706519609020042
1993,DC,6.9712985696764687,-0.039691528593859715
1994,DC,7.0001436364485938,0.028845066772125172
1995,DC,6.9874928968668426,-0.012650739581751225
1996,DC,7.0048840342026732,0.017391137335830642
1997,DC,7.0058481429542354,0.00096410875156216491
1998,DC,7.0135057751844005,0.0076576322301651345
1999,DC,7.0195881352525884,0.0060823600681878531
2000,DC,7.053206564492192,0.033618429239603564
2001,DC,7.0595677705707294,0.0063612060785374069
2002,DC,7.0837050067574117,0.024137236186682287
2003,DC,7.1237428229189756,0.040037816161563988
2004,DC,7.0947296610196284,-0.029013161899347217
1969,DE,7.2059355497402873,
1970,DE,7.166511255742801,-0.039424293997486259
1971,DE,7.2177996540672362,0.051288398324435214
1972,DE,7.2092583938895691,-0.0085412601776670982
1973,DE,7.27481276085612,0.065554366966551036
1974,DE,7.2420808992984362,-0.032731861557683928
1975,DE,7.2847932287342347,0.0427123294357985
1976,DE,7.29625741829505,0.011464189560815186
1977,DE,7.3053697103814281,0.0091122920863782042
1978,DE,7.358375344804057,0.053005634422628845
1979,DE,7.357813480896974,-0.00056186390708301559
1980,DE,7.3226586406548764,-0.035154840242097585
1981,DE,7.34230759594294,0.019648955288063874
1982,DE,7.3778682915286247,0.035560695585684421
1983,DE,7.3669491953651161,-0.010919096163508613
1984,DE,7.3799964239509981,0.013047228585882031
1985,DE,7.3705686864075393,-0.0094277375434588251
1986,DE,7.3775676093272757,0.0069989229197364722
1987,DE,7.3894060724527328,0.01183846312545711
1988,DE,7.4367709365323744,0.047364864079641578
1989,DE,7.375778526185873,-0.06099241034650138
1990,DE,7.406275383072991,0.030496856887118007
1991,DE,7.36726623603379,-0.039009147039201331
1992,DE,7.3716328381953549,0.0043666021615651474
1993,DE,7.3736244777684892,0.0019916395731343073
1994,DE,7.3718378264824134,-0.0017866512860758021
1995,DE,7.3130090899611941,-0.058828736521219227
1996,DE,7.3159032043617467,0.0028941144005525388
1997,DE,7.2603692281719558,-0.055533976189790835
1998,DE,7.250545467740575,-0.00982376043138089
1999,DE,7.2329253066568251,-0.017620161083749863
2000,DE,7.2374661785521832,0.0045408718953581229
2001,DE,7.183220585075226,-0.054245593476957232
2002,DE,7.148162346043712,-0.035058239031513949
2003,DE,7.1639073747597344,0.015745028716022347
2004,DE,7.1875267703881622,0.023619395628427853
1969,FL,7.1785822865353923,
1970,FL,7.2042372656808515,0.025654979145459222
1971,FL,7.2198308664494313,0.015593600768579741
1972,FL,7.2238431094382429,0.0040122429888116429
1973,FL,7.2405408105752764,0.016697701137033505
1974,FL,7.2403294311246356,-0.00021137945064086949
1975,FL,7.2404244770681885,9.5045943552918288e-05
1976,FL,7.27061732098577,0.030192843917581591
1977,FL,7.2684401325533132,-0.0021771884324568447
1978,FL,7.2782280091077336,0.0097878765544203716
1979,FL,7.29855582585251,0.020327816744776683
1980,FL,7.3150907722440408,0.016534946391530525
1981,FL,7.3166114280669774,0.0015206558229365896
1982,FL,7.3175703828965455,0.00095895482956809275
1983,FL,7.3187030641772965,0.0011326812807510578
1984,FL,7.3281621215761641,0.009459057398867543
1985,FL,7.32315033867827,-0.005011782897893724
1986,FL,7.3166686683741755,-0.0064816703040948553
1987,FL,7.3125814335461108,-0.004087234828064723
1988,FL,7.3188579283828661,0.0062764948367552975
1989,FL,7.3185105844577283,-0.00034734392513779966
1990,FL,7.3317023530753032,0.013191768617574873
1991,FL,7.3216808869015075,-0.010021466173795623
1992,FL,7.33146767511233,0.0097867882108229054
1993,FL,7.3167779562649189,-0.014689718847411548
1994,FL,7.2949132174613567,-0.021864738803562211
1995,FL,7.283632753534814,-0.011280463926542694
1996,FL,7.2762190564826374,-0.0074136970521765377
1997,FL,7.2566217700862579,-0.019597286396379587
1998,FL,7.2560817194592513,-0.00054005062700657191
1999,FL,7.2405396875766739,-0.015542031882577412
2000,FL,7.247671781648,0.0071320940713262004
2001,FL,7.21650225254692,-0.031169529101080506
2002,FL,7.1889054397538015,-0.027596812793118097
2003,FL,7.179258207710264,-0.009647232043537457
2004,FL,7.1609590048074487,-0.018299202902815281
1969,GA,7.1153812848469284,
1970,GA,7.1657777328457666,0.050396447998838134
1971,GA,7.1808554804872209,0.015077747641454309
1972,GA,7.119250515696387,-0.061604964790833883
1973,GA,7.1532056845168972,0.033955168820510195
1974,GA,7.1704750106735267,0.017269326156629461
1975,GA,7.15526755849739,-0.015207452176136727
1976,GA,7.2059365642049444,0.050669005707554504
1977,GA,7.2133280391517491,0.0073914749468046992
1978,GA,7.2113186863341037,-0.0020093528176454711
1979,GA,7.218701501839992,0.0073828155058883738
1980,GA,7.225895286870669,0.0071937850306769135
1981,GA,7.2275696072130291,0.0016743203423601472
1982,GA,7.23558940243172,0.008019795218690895
1983,GA,7.2514026182978446,0.015813215866124608
1984,GA,7.2631115953401109,0.011708977042266255
1985,GA,7.2752490664425924,0.012137471102481534
1986,GA,7.2742115449825375,-0.0010375214600548688
1987,GA,7.2708833866009641,-0.0033281583815734095
1988,GA,7.2669735320259745,-0.0039098545749896019
1989,GA,7.2591461917662876,-0.0078273402596868991
1990,GA,7.2423421394131893,-0.016804052353098342
1991,GA,7.2326042001072546,-0.0097379393059346953
1992,GA,7.25139726514275,0.018793065035495715
1993,GA,7.2326188790505794,-0.018778386092170862
1994,GA,7.2338640629320992,0.0012451838815197291
1995,GA,7.2283515525675526,-0.0055125103645465856
1996,GA,7.2331596668593976,0.0048081142918450226
1997,GA,7.2257686331002846,-0.007391033759112986
1998,GA,7.231419028074396,0.00565039497411135
1999,GA,7.2240828819795437,-0.007336146094852225
2000,GA,7.2201845669451261,-0.003898315034417621
2001,GA,7.1967659424866968,-0.023418624458429349
2002,GA,7.1906580879040334,-0.0061078545826633857
2003,GA,7.1644250499501529,-0.026233037953880434
2004,GA,7.1319858562417791,-0.032439193708373892
1969,HI,7.0201612035098746,
1970,HI,7.0225249203063544,0.0023637167964798422
1971,HI,7.090020938605484,0.067496018299129545
1972,HI,7.1032645797392808,0.013243641133796835
1973,HI,7.1257653783816357,0.02250079864235488
1974,HI,7.1269674006597654,0.0012020222781297107
1975,HI,7.15234644476989,0.025379044110124482
1976,HI,7.1512801190460191,-0.0010663257238707757
1977,HI,7.1457602798158213,-0.0055198392301978316
1978,HI,7.1962867687512544,0.0505264889354331
1979,HI,7.2002104027449354,0.0039236339936810083
1980,HI,7.19417722648728,-0.0060331762576550929
1981,HI,7.2014861181909007,0.0073088917036203682
1982,HI,7.1917035106235172,-0.0097826075673834723
1983,HI,7.2235930276459639,0.03188951702244669
1984,HI,7.2230174228007691,-0.00057560484519481037
1985,HI,7.2533965032853054,0.030379080484536303
1986,HI,7.2457740733885485,-0.0076224298967568771
1987,HI,7.2368250825131435,-0.0089489908754050163
1988,HI,7.2444207502385316,0.0075956677253881111
1989,HI,7.2314046396021174,-0.013016110636414169
1990,HI,7.2468372291630239,0.015432589560906429
1991,HI,7.2297301886381788,-0.017107040524845019
1992,HI,7.2290563481612606,-0.00067384047691820825
1993,HI,7.2428710494880386,0.013814701326777978
1994,HI,7.23356765739856,-0.00930339208947828
1995,HI,7.2365248373618041,0.002957179963243739
1996,HI,7.2131016781155495,-0.0234231592462546
1997,HI,7.2065167560944614,-0.0065849220210880688
1998,HI,7.2166317263318192,0.010114970237357745
1999,HI,7.2098184379095782,-0.0068132884222409373
2000,HI,7.2193925689645368,0.0095741310549586345
2001,HI,7.1785154756363561,-0.040877093328180791
2002,HI,7.1545608842228425,-0.023954591413513526
2003,HI,7.1562809327313817,0.0017200485085391293
2004,HI,7.1630253949252785,0.0067444621938967941
1969,IA,7.4301186431672859,
1970,IA,7.4350573266298223,0.0049386834625364529
1971,IA,7.4494273586064486,0.01437003197662623
1972,IA,7.4702130053561016,0.020785646749652997
1973,IA,7.4724497880048313,0.0022367826487297293
1974,IA,7.4883840515765332,0.015934263571701912
1975,IA,7.4957317516313946,0.0073477000548614058
1976,IA,7.53091341275412,0.035181661122725139
1977,IA,7.5515491035605233,0.020635690806403595
1978,IA,7.5621759948299188,0.010626891269395422
1979,IA,7.5877799995159032,0.025604004685984449
1980,IA,7.5886591491497617,0.00087914963385848921
1981,IA,7.5980154290293518,0.00935627987959009
1982,IA,7.6201564645672351,0.022141035537883269
1983,IA,7.6005123339423815,-0.019644130624853595
1984,IA,7.6019211407339027,0.0014088067915212221
1985,IA,7.5986821919129666,-0.0032389488209361161
1986,IA,7.5886738255246593,-0.010008366388307266
1987,IA,7.5800214975735321,-0.0086523279511272477
1988,IA,7.566835766083079,-0.013185731490453101
1989,IA,7.5601930209613633,-0.0066427451217156985
1990,IA,7.5473989240404595,-0.012794096920903719
1991,IA,7.5292177930830739,-0.018181130957385605
1992,IA,7.5461478501059061,0.016930057022832123
1993,IA,7.528107260804374,-0.018040589301532073
1994,IA,7.5234890225105984,-0.0046182382937756117
1995,IA,7.5132017614446633,-0.010287261065935027
1996,IA,7.488890961820478,-0.024310799624185364
1997,IA,7.4980544215040936,0.009163459683615649
1998,IA,7.4935888310936125,-0.0044655904104811128
1999,IA,7.5041689461490559,0.010580115055443429
2000,IA,7.4915909822229478,-0.012577963926108104
2001,IA,7.464898342463937,-0.026692639759010817
2002,IA,7.4499619934481425,-0.014936349015794548
2003,IA,7.4340799610232979,-0.015882032424844539
2004,IA,7.4044574753372823,-0.029622485686015665
1969,ID,7.2451499914337028,
1970,ID,7.2816348049384825,0.036484813504779723
1971,ID,7.2852835738125954,0.0036487688741129176
1972,ID,7.2982968002829551,0.01301322647035974
1973,ID,7.3183205808205862,0.020023780537631097
1974,ID,7.3576541362681871,0.039333555447600865
1975,ID,7.374817043437182,0.017162907168994934
1976,ID,7.410607909080051,0.03579086564286893
1977,ID,7.4364246222083166,0.025816713128265611
1978,ID,7.4280408538068832,-0.0083837684014334
1979,ID,7.4749648518067238,0.046923997999840594
1980,ID,7.4765583778607247,0.0015935260540009821
1981,ID,7.492909615827541,0.016351237966816257
1982,ID,7.4858145352983607,-0.0070950805291802865
1983,ID,7.4630913369733,-0.022723198325060423
1984,ID,7.4919930273895883,0.028901690416287984
1985,ID,7.4846095207243195,-0.0073835066652687686
1986,ID,7.4779597877960766,-0.0066497329282428908
1987,ID,7.4649214714455887,-0.013038316350487911
1988,ID,7.50243704837528,0.037515576929691541
1989,ID,7.4791259097680047,-0.023311138607275517
1990,ID,7.4663557876186495,-0.012770122149355245
1991,ID,7.447881518590953,-0.018474269027696444
1992,ID,7.4627959801953958,0.014914461604442764
1993,ID,7.4603168001781492,-0.0024791800172465628
1994,ID,7.4468775102643345,-0.013439289913814711
1995,ID,7.4298534955583868,-0.017024014705947721
1996,ID,7.4149653524944084,-0.014888143063978454
1997,ID,7.3951976447563466,-0.0197677077380618
1998,ID,7.3816263458359916,-0.013571298920354913
1999,ID,7.3619040770014115,-0.01972226883458017
2000,ID,7.3512127650688548,-0.01069131193255668
2001,ID,7.3788326229531371,0.027619857884282339
2002,ID,7.3698548914921433,-0.0089777314609937875
2003,ID,7.3211499759671046,-0.04870491552503875
2004,ID,7.2972678098952306,-0.023882166071873989
1969,IL,7.203846889122838,
1970,IL,7.2195010108279414,0.015654121705103385
1971,IL,7.2361996261826347,0.016698615354693302
1972,IL,7.24531341816831,0.0091137919856754124
1973,IL,7.2465440005557626,0.00123058238745255
1974,IL,7.2727895838799146,0.026245583324151944
1975,IL,7.2761783373998385,0.0033887535199239593
1976,IL,7.3131914479246651,0.037013110524826587
1977,IL,7.3210744317171654,0.0078829837925002977
1978,IL,7.329733427892255,0.0086589961750895839
1979,IL,7.3378246971719534,0.0080912692796983876
1980,IL,7.3547928030504748,0.016968105878521378
1981,IL,7.3509668728502,-0.0038259302002749962
1982,IL,7.3637030968195205,0.012736223969320726
1983,IL,7.3688054726169829,0.0051023757974624218
1984,IL,7.3788637922587075,0.010058319641724545
1985,IL,7.37599066595179,-0.002873126306917051
1986,IL,7.359608995469638,-0.016381670482152444
1987,IL,7.3539671511490372,-0.0056418443206007751
1988,IL,7.3590555902402821,0.0050884390912449007
1989,IL,7.3478352581563282,-0.011220332083953899
1990,IL,7.3448852562111142,-0.0029500019452139981
1991,IL,7.3228614355899593,-0.022023820621154933
1992,IL,7.3309840061386389,0.0081225705486795974
1993,IL,7.3106497621042505,-0.020334244034388327
1994,IL,7.3147750745297726,0.0041253124255220541
1995,IL,7.3145378821857543,-0.00023719234401831102
1996,IL,7.3155723798829158,0.0010344976971614628
1997,IL,7.3086964038720357,-0.0068759760108800805
1998,IL,7.3038070059271822,-0.0048893979448534353
1999,IL,7.299519979711258,-0.00428702621592425
2000,IL,7.3026363178343559,0.0031163381230978615
2001,IL,7.2890114877382786,-0.013624830096077289
2002,IL,7.2758091677375845,-0.013202320000694101
2003,IL,7.2602275265289489,-0.015581641208635588
2004,IL,7.2416361057731828,-0.01859142075576603
1969,IN,7.316200840514866,
1970,IN,7.3212102360629867,0.0050093955481207431
1971,IN,7.3499109516515242,0.028700715588537484
1972,IN,7.3531977633644754,0.0032868117129511987
1973,IN,7.3652033437094167,0.012005580344941258
1974,IN,7.38597246224768,0.020769118538263243
1975,IN,7.3983051339796937,0.0123326717320138
1976,IN,7.4039160133615827,0.0056108793818889779
1977,IN,7.404887630385951,0.00097161702436832087
1978,IN,7.424876117695379,0.019988487309428038
1979,IN,7.4281379472551947,0.0032618295598156877
1980,IN,7.4415733820185217,0.013435434763326981
1981,IN,7.438482556133188,-0.0030908258853337145
1982,IN,7.4387267748483961,0.0002442187152080777
1983,IN,7.4360794355259925,-0.0026473393224035746
1984,IN,7.4610782905369186,0.024998855010926135
1985,IN,7.4498096468191077,-0.011268643717810889
1986,IN,7.4557536253326324,0.0059439785135246836
1987,IN,7.4478573501058429,-0.0078962752267894842
1988,IN,7.4388473992037669,-0.0090099509020760138
1989,IN,7.440088258142727,0.0012408589389600877
1990,IN,7.4361172819485244,-0.0039709761942026134
1991,IN,7.4194618992391614,-0.016655382709362954
1992,IN,7.4201705444291326,0.00070864518997115766
1993,IN,7.3942250485821912,-0.025945495846941391
1994,IN,7.3974742328876077,0.0032491843054165415
1995,IN,7.3688734112808909,-0.028600821606716842
1996,IN,7.34697592011042,-0.021897491170470573
1997,IN,7.3391168274022087,-0.0078590927082116124
1998,IN,7.3241269921287948,-0.01498983527341391
1999,IN,7.3235793933285791,-0.0005475988002157095
2000,IN,7.3487450579222964,0.025165664593717274
2001,IN,7.3150340183726446,-0.033711039549651822
2002,IN,7.2899758658118046,-0.025058152560839986
2003,IN,7.2748849050564557,-0.015090960755348881
2004,IN,7.2460721348863482,-0.028812770170107527
1969,KS,7.2694558521414612,
1970,KS,7.2934064490405728,0.023950596899111609
1971,KS,7.3044042840298467,0.010997834989273869
1972,KS,7.3211074631615052,0.01670317913165853
1973,KS,7.3518242412173338,0.03071677805582862
1974,KS,7.3358868059392695,-0.015937435278064349
1975,KS,7.3549462096142557,0.019059403674986264
1976,KS,7.3781706027469891,0.02322439313273339
1977,KS,7.3789069522593227,0.00073634951233358947
1978,KS,7.3944565552760828,0.015549603016760116
1979,KS,7.4063191276810016,0.011862572404918836
1980,KS,7.4293497603858052,0.023030632704803544
1981,KS,7.4023741125304436,-0.026975647855361551
1982,KS,7.41495239987662,0.012578287346176609
1983,KS,7.4202448363253986,0.0052924364487783038
1984,KS,7.4430071474123212,0.022762311086922615
1985,KS,7.4389538761643186,-0.0040532712480025879
1986,KS,7.4335663884189875,-0.0053874877453310432
1987,KS,7.4253494923639041,-0.0082168960550834669
1988,KS,7.4418948165775136,0.016545324213609547
1989,KS,7.4340870870950324,-0.0078077294824812071
1990,KS,7.4297859624622626,-0.0043011246327697705
1991,KS,7.4182694506391806,-0.011516511823081999
1992,KS,7.4195643196441656,0.0012948690049849887
1993,KS,7.399419208489876,-0.02014511115428963
1994,KS,7.4086131872871945,0.0091939787973185361
1995,KS,7.4054875576710444,-0.0031256296161501496
1996,KS,7.3910942606011938,-0.014393297069850597
1997,KS,7.3879303023838139,-0.0031639582173799141
1998,KS,7.3705713047695873,-0.017358997614226546
1999,KS,7.3719161615069826,0.0013448567373952613
2000,KS,7.3734237561470692,0.0015075946400866513
2001,KS,7.34783490867296,-0.0255888474741095
2002,KS,7.3327963975254296,-0.015038511147530187
2003,KS,7.3102764432361322,-0.022519954289297317
2004,KS,7.2957942365249195,-0.014482206711212697
1969,KY,7.2470983919923713,
1970,KY,7.251915720765135,0.0048173287727637515
1971,KY,7.289754800366838,0.037839079601702963
1972,KY,7.3082135700129136,0.018458769646075623
1973,KY,7.31534542370373,0.0071318536908160368
1974,KY,7.346282623045143,0.030937199341413368
1975,KY,7.3330450157954008,-0.013237607249742211
1976,KY,7.3530724231644564,0.020027407369055616
1977,KY,7.3693935569270748,0.016321133762618345
1978,KY,7.3678912749014289,-0.0015022820256458402
1979,KY,7.39106635092397,0.023175076022541319
1980,KY,7.3838216658688456,-0.0072446850551246555
1981,KY,7.3858534043472517,0.0020317384784060977
1982,KY,7.3924175138565156,0.0065641095092638935
1983,KY,7.3801872016376784,-0.012230312218837192
1984,KY,7.40612493149786,0.025937729860181946
1985,KY,7.39425078056345,-0.011874150934410466
1986,KY,7.3934548121422248,-0.00079596842122509059
1987,KY,7.4023378586061659,0.0088830464639411133
1988,KY,7.4203989122146146,0.018061053608448674
1989,KY,7.4280420776997591,0.007643165485144543
1990,KY,7.4193323841885812,-0.0087096935111778961
1991,KY,7.3909067442022316,-0.028425639986349616
1992,KY,7.4038931093337617,0.012986365131530064
1993,KY,7.3823135882979134,-0.021579521035848259
1994,KY,7.3699764742545009,-0.012337114043412534
1995,KY,7.3494422532607517,-0.02053422099374913
1996,KY,7.3420733585207154,-0.0073688947400363247
1997,KY,7.3315325734755907,-0.010540785045124679
1998,KY,7.3230403569726059,-0.0084922165029848173
1999,KY,7.3179461094946481,-0.0050942474779578362
2000,KY,7.3176687680331423,-0.00027734146150582006
2001,KY,7.280562700838396,-0.037106067194746295
2002,KY,7.25918820051035,-0.021374500328046331
2003,KY,7.2314471130487714,-0.027741087461578218
2004,KY,7.2099571260221715,-0.021489987026599877
1969,LA,7.0956680207573086,
1970,LA,7.0719987778386662,-0.023669242918642475
1971,LA,7.1228777518977671,0.050878974059100912
1972,LA,7.1225111557029486,-0.00036659619481849148
1973,LA,7.1222451444197015,-0.00026601128324710288
1974,LA,7.1123584676992664,-0.0098866767204350836
1975,LA,7.1306259121231186,0.018267444423852197
1976,LA,7.1584077533241288,0.027781841201010238
1977,LA,7.1792233804428571,0.020815627118728308
1978,LA,7.1909040505925725,0.011680670149715411
1979,LA,7.2079660161672674,0.01706196557469486
1980,LA,7.221372436187421,0.013406420020153575
1981,LA,7.2144612982462863,-0.0069111379411346263
1982,LA,7.22425043265185,0.0097891344055636154
1983,LA,7.2224256610422177,-0.0018247716096322364
1984,LA,7.2190406674396774,-0.0033849936025402982
1985,LA,7.2017093376132468,-0.017331329826430597
1986,LA,7.1937394201457323,-0.00796991746751452
1987,LA,7.1992758435225674,0.0055364233768351312
1988,LA,7.1999252466851669,0.00064940316259942676
1989,LA,7.17557729220195,-0.024347954483216583
1990,LA,7.169984577820455,-0.005592714381495334
1991,LA,7.1448661781401723,-0.025118399680282621
1992,LA,7.1610839675537523,0.016217789413579986
1993,LA,7.1496844926709464,-0.011399474882805904
1994,LA,7.135720226017658,-0.013964266653288426
1995,LA,7.1234288506257153,-0.012291375391942694
1996,LA,7.1099260118906988,-0.013502838735016454
1997,LA,7.0870350231441206,-0.022890988746578245
1998,LA,7.0846613649773937,-0.0023736581667268553
1999,LA,7.0786700381552183,-0.0059913268221754024
2000,LA,7.0676617498198855,-0.01100828833533285
2001,LA,7.02983518607175,-0.0378265637481352
2002,LA,7.0227096138305365,-0.0071255722412137956
2003,LA,6.9893463928215356,-0.03336322100900091
2004,LA,6.9645715268958055,-0.024774865925730083
1969,MA,7.1917339313686224,
1970,MA,7.225921998549377,0.034188067180754622
1971,MA,7.2421867866766974,0.016264788127320351
1972,MA,7.2540849612063578,0.011898174529660466
1973,MA,7.2683603554296905,0.014275394223332682
1974,MA,7.2854181103789193,0.017057754949228787
1975,MA,7.2929985146835357,0.0075804043046163727
1976,MA,7.3477763850083155,0.054777870324779876
1977,MA,7.3529701071507043,0.0051937221423887792
1978,MA,7.375331457816185,0.022361350665480728
1979,MA,7.408066458093681,0.032735000277495985
1980,MA,7.4302554089182,0.02218895082451855
1981,MA,7.4324940686571193,0.0022386597389196794
1982,MA,7.4421612280131972,0.0096671593560779812
1983,MA,7.455292062362143,0.013130834348945797
1984,MA,7.4768896721304827,0.021597609768339687
1985,MA,7.48045997335239,0.0035703012219077124
1986,MA,7.4983730488333853,0.017913075480994856
1987,MA,7.5005251028270985,0.00215205399371321
1988,MA,7.4807669530036067,-0.019758149823491777
1989,MA,7.483039174753606,0.0022722217499993036
1990,MA,7.4906898615413544,0.0076506867877483842
1991,MA,7.4782202536643529,-0.012469607877001465
1992,MA,7.4847559750962374,0.0065357214318844115
1993,MA,7.4647470707529378,-0.020008904343299605
1994,MA,7.4661979946538644,0.0014509239009266039
1995,MA,7.4656860208972962,-0.00051197375656819588
1996,MA,7.47203528911464,0.0063492682173436066
1997,MA,7.4319049887565471,-0.040130300358092619
1998,MA,7.4417166775210237,0.0098116887644765782
1999,MA,7.4248878899673327,-0.016828787553690994
2000,MA,7.4241002102476381,-0.0007876797196946228
2001,MA,7.4041619108298153,-0.019938299417822769
2002,MA,7.3783452670193945,-0.025816643810420814
2003,MA,7.3723981513349433,-0.0059471156844512763
2004,MA,7.3409154857751693,-0.03148266555977397
1969,MD,7.1211047912643624,
1970,MD,7.144666738363437,0.023561947099074665
1971,MD,7.178428054271242,0.033761315907804956
1972,MD,7.2178971002094965,0.03946904593825451
1973,MD,7.2087205528522524,-0.009176547357244047
1974,MD,7.220332148155002,0.011611595302749578
1975,MD,7.2208130904972911,0.00048094234228912569
1976,MD,7.2395370236662844,0.018723933168993234
1977,MD,7.2642102268973687,0.024673203231084351
1978,MD,7.2695564019643539,0.0053461750669852037
1979,MD,7.28545296832619,0.015896566361836229
1980,MD,7.290405222143483,0.0049522538172928066
1981,MD,7.3055360595774514,0.01513083743396848
1982,MD,7.3371791800723072,0.031643120494855737
1983,MD,7.3388415620070226,0.0016623819347154623
1984,MD,7.35332486263328,0.014483300626257467
1985,MD,7.3601556948823967,0.0068308322491166251
1986,MD,7.3619502410374809,0.0017945461550841202
1987,MD,7.35723952537679,-0.0047107156606909228
1988,MD,7.3498904732059467,-0.007349052170843251
1989,MD,7.3569051532746679,0.0070146800687211908
1990,MD,7.3696283413176253,0.012723188042957467
1991,MD,7.3333769881706612,-0.036251353146964149
1992,MD,7.3346723108570213,0.001295322686360123
1993,MD,7.319282754233452,-0.015389556623569334
1994,MD,7.3201444303859171,0.00086167615246512952
1995,MD,7.315113473051543,-0.0050309573343740865
1996,MD,7.300657406721589,-0.014456066329953998
1997,MD,7.2778502916647438,-0.022807115056845184
1998,MD,7.2886207085441272,0.010770416879383404
1999,MD,7.2632249414131156,-0.02539576713101166
2000,MD,7.274741591510022,0.011516650096906389
2001,MD,7.238240412287321,-0.036501179222701019
2002,MD,7.2306414787031894,-0.0075989335841315508
2003,MD,7.2102178892172182,-0.020423589485971227
2004,MD,7.1898321169585886,-0.020385772258629586
1969,ME,7.282545891796218,
1970,ME,7.308411927605337,0.025866035809118948
1971,ME,7.3392979952397779,0.030886067634440906
1972,ME,7.3740613521967431,0.0347633569569652
1973,ME,7.3842485584963669,0.010187206299623774
1974,ME,7.3873307367148531,0.00308217821848622
1975,ME,7.4271124539641873,0.039781717249334214
1976,ME,7.4885597439661673,0.061447290001980015
1977,ME,7.4760216069326351,-0.012538137033532237
1978,ME,7.5183950498949219,0.042373442962286845
1979,ME,7.5207999690563181,0.0024049191613961796
1980,ME,7.4494965638555515,-0.071303405200766612
1981,ME,7.52924463968932,0.079748075833768084
1982,ME,7.5593522047790129,0.030107565089693367
1983,ME,7.530019334315563,-0.0293328704634499
1984,ME,7.5605592969532456,0.030539962637682549
1985,ME,7.5622536246004408,0.0016943276471952373
1986,ME,7.5723965503016428,0.01014292570120201
1987,ME,7.5629468782191642,-0.0094496720824786
1988,ME,7.5896245585822584,0.026677680363094147
1989,ME,7.5859539234072475,-0.0036706351750108723
1990,ME,7.5817195834361959,-0.0042343399710516039
1991,ME,7.5612119651148868,-0.020507618321309096
1992,ME,7.5687014237491983,0.0074894586343114966
1993,ME,7.5411627802555774,-0.027538643493620896
1994,ME,7.5108850099044684,-0.030277770351109012
1995,ME,7.5293036060547447,0.0184185961502763
1996,ME,7.5250169701030316,-0.00428663595171308
1997,ME,7.514586086283197,-0.010430883819834591
1998,ME,7.5305767491202049,0.015990662837007896
1999,ME,7.5071826264036341,-0.02339412271657082
2000,ME,7.5242909799956763,0.017108353592042214
2001,ME,7.5073080903543268,-0.01698288964134953
2002,ME,7.49047253593949,-0.016835554414837084
2003,ME,7.4879800615020864,-0.0024924744374033025
2004,ME,7.4619531816599407,-0.026026879842145689
1969,MI,7.2642962077424933,
1970,MI,7.2784565017224354,0.014160293979942118
1971,MI,7.2874733979180606,0.00901689619562518
1972,MI,7.2931575269006714,0.0056841289826108365
1973,MI,7.297377875095588,0.0042203481949165678
1974,MI,7.3252639274615516,0.027886052365963643
1975,MI,7.3194562458679986,-0.005807681593553049
1976,MI,7.3433772393883583,0.0239209935203597
1977,MI,7.3626459883130924,0.019268748924734069
1978,MI,7.346460846757811,-0.01618514155528139
1979,MI,7.3742016659347538,0.027740819176942821
1980,MI,7.3793921384805454,0.0051904725457916356
1981,MI,7.3840028017866048,0.0046106633060594149
1982,MI,7.4161855745664722,0.032182772779867364
1983,MI,7.4060420560070979,-0.010143518559374343
1984,MI,7.410470371489124,0.0044283154820261572
1985,MI,7.4248156477159464,0.014345276226822357
1986,MI,7.40326929224286,-0.021546355473086365
1987,MI,7.38939191157338,-0.013877380669479855
1988,MI,7.3837818517851481,-0.0056100597882320358
1989,MI,7.368872048708015,-0.014909803077133077
1990,MI,7.3675065063360918,-0.0013655423719232118
1991,MI,7.3470583865536154,-0.020448119782476404
1992,MI,7.3718946485881025,0.024836262034487078
1993,MI,7.3596902459276023,-0.012204402660500158
1994,MI,7.3523871631312838,-0.0073030827963185274
1995,MI,7.3526436726901752,0.000256509558891338
1996,MI,7.3568945852457084,0.0042509125555332261
1997,MI,7.355021498891217,-0.001873086354491349
1998,MI,7.3507779859394153,-0.0042435129518016979
1999,MI,7.3406864268197376,-0.01009155911967774
2000,MI,7.3503373487470034,0.0096509219272657987
2001,MI,7.3260127428922432,-0.024324605854760151
2002,MI,7.3177731665044741,-0.0082395763877691763
2003,MI,7.3057295103110595,-0.01204365619341452
2004,MI,7.2843265275753355,-0.021402982735724052
1969,MN,7.4001255719231152,
1970,MN,7.4101605039230547,0.010034931999939545
1971,MN,7.4298420285765152,0.019681524653460514
1972,MN,7.4573235801676576,0.027481551591142406
1973,MN,7.4803394876065754,0.023015907438917793
1974,MN,7.4836646410769205,0.0033251534703451213
1975,MN,7.4806037927118059,-0.0030608483651146656
1976,MN,7.5148104461871057,0.034206653475299831
1977,MN,7.5530194959594636,0.03820904977235795
1978,MN,7.562042250628795,0.0090227546693313343
1979,MN,7.5753096256545565,0.013267375025761474
1980,MN,7.5817327248604585,0.0064230992059020053
1981,MN,7.5789904262180956,-0.0027422986423628615
1982,MN,7.5942971983167089,0.015306772098613308
1983,MN,7.5854125460191471,-0.0088846522975618569
1984,MN,7.6108503573305439,0.025437811311396885
1985,MN,7.6098921833017883,-0.00095817402875564284
1986,MN,7.6059871381634041,-0.0039050451383841889
1987,MN,7.59509245779513,-0.010894680368274123
1988,MN,7.58491308318886,-0.010179374606270386
1989,MN,7.586629708542759,0.0017166253538993814
1990,MN,7.5857596525515723,-0.0008700559911867245
1991,MN,7.544469050822344,-0.041290601729228271
1992,MN,7.57108022631674,0.026611175494395845
1993,MN,7.5557518298883419,-0.015328396428397895
1994,MN,7.5328998791728,-0.022851950715542024
1995,MN,7.5253969317426339,-0.007502947430165996
1996,MN,7.5290663581717405,0.0036694264291066148
1997,MN,7.5080983184231336,-0.020968039748606948
1998,MN,7.514754291282669,0.0066559728595354528
1999,MN,7.5083735344529083,-0.006380756829760692
2000,MN,7.5093821971714965,0.0010086627185881269
2001,MN,7.4968385225176712,-0.012543674653825221
2002,MN,7.4865013540549015,-0.010337168462769775
2003,MN,7.4790753495619082,-0.0074260044929932434
2004,MN,7.4472109311163095,-0.03186441844559873
1969,MO,7.26657393417422,
1970,MO,7.2824161171184851,0.015842182944265204
1971,MO,7.2987507376336165,0.016334620515131348
1972,MO,7.31807884601067,0.019328108377053788
1973,MO,7.3227834500878837,0.0047046040772134035
1974,MO,7.3260264412823,0.0032429911944165113
1975,MO,7.3227445078894959,-0.0032819333928042482
1976,MO,7.3586063646579527,0.035861856768456768
1977,MO,7.3842117282022164,0.025605363544263682
1978,MO,7.3849776607934183,0.00076593259120194546
1979,MO,7.4020863327954736,0.017108672002055236
1980,MO,7.4092514985004883,0.0071651657050146866
1981,MO,7.3953398546244058,-0.013911643876082458
1982,MO,7.4074644520890809,0.012124597464675091
1983,MO,7.3984986650148983,-0.0089657870741826073
1984,MO,7.4112163217691256,0.012717656754227313
1985,MO,7.3996340849626243,-0.011582236806501278
1986,MO,7.3823770136454936,-0.017257071317130723
1987,MO,7.3727802219604266,-0.0095967916850669965
1988,MO,7.37956099626539,0.0067807743049632663
1989,MO,7.3695302724188281,-0.010030723846561784
1990,MO,7.356725971488979,-0.012804300929849077
1991,MO,7.325887828926275,-0.030838142562704007
1992,MO,7.3370953625259645,0.011207533599689512
1993,MO,7.3272941471326751,-0.0098012153932893753
1994,MO,7.3339888963894087,0.0066947492567335232
1995,MO,7.3240807150558771,-0.0099081813335315516
1996,MO,7.325390035878045,0.0013093208221679475
1997,MO,7.3137751096936006,-0.011614926184444485
1998,MO,7.3088217135782294,-0.0049533961153711559
1999,MO,7.3014426001944637,-0.0073791133837657341
2000,MO,7.3062698487695394,0.004827248575075771
2001,MO,7.2722007241853071,-0.034069124584232391
2002,MO,7.2468127350221785,-0.025387989163128566
2003,MO,7.2310936364401019,-0.015719098582076541
2004,MO,7.2120218873517112,-0.01907174908839071
1969,MS,7.1614956281159818,
1970,MS,7.1573596281656755,-0.0041359999503063349
1971,MS,7.1870670874536975,0.029707459288021987
1972,MS,7.1399123138046026,-0.047154773649094928
1973,MS,7.1621770668496314,0.02226475304502884
1974,MS,7.1548381625515729,-0.0073389042980585018
1975,MS,7.1466215195028413,-0.0082166430487315978
1976,MS,7.1862968758912293,0.039675356388388039
1977,MS,7.1867069848240961,0.00041010893286674843
1978,MS,7.1908052313491488,0.0040982465250527511
1979,MS,7.2091483143719435,0.018343083022794637
1980,MS,7.2050335158337955,-0.0041147985381480012
1981,MS,7.2082138003155238,0.0031802844817283571
1982,MS,7.199477078977691,-0.0087367213378328756
1983,MS,7.213230000286873,0.013752921309182042
1984,MS,7.2083431842275409,-0.0048868160593320553
1985,MS,7.21047748346715,0.00213429923960895
1986,MS,7.2102152293654447,-0.00026225410170521712
1987,MS,7.1929563131297316,-0.017258916235713073
1988,MS,7.19685372001915,0.00389740688941842
1989,MS,7.1740389082429754,-0.022814811776174615
1990,MS,7.1390783439985785,-0.034960564244396863
1991,MS,7.1254525769441655,-0.013625767054413096
1992,MS,7.1303496861006046,0.00489710915643915
1993,MS,7.1161163871807167,-0.014233298919887893
1994,MS,7.1229497512622917,0.0068333640815749774
1995,MS,7.1354756570772429,0.012525905814951166
1996,MS,7.1264628098105955,-0.0090128472666473058
1997,MS,7.1185695022152888,-0.0078933075953067089
1998,MS,7.1035281896878066,-0.015041312527482198
1999,MS,7.082321979577,-0.021206210110806367
2000,MS,7.0602415378240693,-0.022080441752931
2001,MS,7.0476984998249668,-0.012543037999102502
2002,MS,7.0036600050196283,-0.0440384948053385
2003,MS,6.9756646234845245,-0.027995381535103725
2004,MS,6.9577375937173214,-0.017927029767203173
1969,MT,7.18666817406186,
1970,MT,7.1938725157263246,0.0072043416644644864
1971,MT,7.2004317027161768,0.00655918698985225
1972,MT,7.2381858600598123,0.037754157343635519
1973,MT,7.2374795655084254,-0.00070629455138693231
1974,MT,7.2605358003058749,0.023056234797449449
1975,MT,7.2815793860884535,0.021043585782578589
1976,MT,7.3308521879872188,0.049272801898765373
1977,MT,7.3592435306807094,0.028391342693490529
1978,MT,7.3991466707325024,0.039903140051793073
1979,MT,7.3812804977158519,-0.0178661730166505
1980,MT,7.3991062692860385,0.01782577157018661
1981,MT,7.4150984332287875,0.015992163942748938
1982,MT,7.4225681554647,0.0074697222359123572
1983,MT,7.4099322282639948,-0.012635927200705055
1984,MT,7.4199150632402722,0.0099828349762773883
1985,MT,7.4466496614947282,0.02673459825445601
1986,MT,7.4381297455443791,-0.0085199159503490662
1987,MT,7.4563334481034831,0.018203702559103974
1988,MT,7.4408996333214192,-0.015433814782063848
1989,MT,7.4513807837378243,0.010481150416405072
1990,MT,7.4160027925348224,-0.035377991203001891
1991,MT,7.429746343834136,0.013743551299313594
1992,MT,7.4354553263505938,0.0057089825164577945
1993,MT,7.4024574051026972,-0.032997921247896578
1994,MT,7.4034573522722624,0.00099994716956519625
1995,MT,7.40243633407234,-0.0010210181999221746
1996,MT,7.4016111569575855,-0.000825177114754716
1997,MT,7.4027046894900144,0.0010935325324288314
1998,MT,7.3529958235291693,-0.049708865960845117
1999,MT,7.3755711299353477,0.022575306406178441
2000,MT,7.381477464045906,0.0059063341105582978
2001,MT,7.3314561818114452,-0.050021282234460784
2002,MT,7.2996906983368017,-0.031765483474643474
2003,MT,7.2796685288894771,-0.0200221694473246
2004,MT,7.26617945681952,-0.013489072069956975
1969,NC,7.1251410612972874,
1970,NC,7.1309518948002912,0.0058108335030038205
1971,NC,7.1629351190383,0.031983224238008923
1972,NC,7.1698950325682809,0.00695991352998071
1973,NC,7.1740664561486591,0.0041714235803782529
1974,NC,7.1795096294654961,0.0054431733168369689
1975,NC,7.1941133724584461,0.014603742992949975
1976,NC,7.249065327616897,0.054951955158450971
1977,NC,7.2695719046944847,0.020506577077587629
1978,NC,7.2618752926883028,-0.00769661200618188
1979,NC,7.2649697933422193,0.0030945006539164766
1980,NC,7.2818097076820081,0.01683991433978882
1981,NC,7.2897871301248847,0.00797742244287658
1982,NC,7.2841368599327705,-0.0056502701921141707
1983,NC,7.2932153697800874,0.0090785098473169512
1984,NC,7.3053857704725385,0.012170400692451011
1985,NC,7.3134653677089316,0.0080795972363931767
1986,NC,7.3165872675993739,0.0031218998904423145
1987,NC,7.31575193348811,-0.000835334111264352
1988,NC,7.31119689000209,-0.0045550434860199829
1989,NC,7.3017059308362,-0.0094909591658893788
1990,NC,7.3005299270949688,-0.0011760037412313906
1991,NC,7.2715165677572529,-0.029013359337715983
1992,NC,7.2902247986461619,0.01870823088890905
1993,NC,7.2723273513877915,-0.017897447258370391
1994,NC,7.2724088243350273,8.1472947235816662e-05
1995,NC,7.2721018814839864,-0.00030694285104093666
1996,NC,7.2728957318359662,0.0007938503519797635
1997,NC,7.2654471985563776,-0.0074485332795886094
1998,NC,7.2661750565673,0.00072785801092223323
1999,NC,7.2607550879521909,-0.00541996861510885
2000,NC,7.2567733445782894,-0.0039817433739015584
2001,NC,7.2304600654990736,-0.026313279079215768
2002,NC,7.2182790246537989,-0.012181040845274715
2003,NC,7.21654326351536,-0.0017357611384385407
2004,NC,7.2050196693788822,-0.011523594136478188
1969,ND,7.3656562931754923,
1970,ND,7.4023822620506294,0.036725968875137127
1971,ND,7.3772167226583658,-0.025165539392263625
1972,ND,7.4644960150586517,0.087279292400285868
1973,ND,7.4151409866812754,-0.049355028377376264
1974,ND,7.4796501050426789,0.0645091183614035
1975,ND,7.4919726110702021,0.012322506027523161
1976,ND,7.5240809859472293,0.032108374877027224
1977,ND,7.51128054110422,-0.012800444843009018
1978,ND,7.5430995540459937,0.031819012941773472
1979,ND,7.5448736974571089,0.0017741434111151477
1980,ND,7.5728409236717793,0.027967226214670404
1981,ND,7.5772414867440023,0.0044005630722230293
1982,ND,7.5751529760838929,-0.0020885106601093995
1983,ND,7.5932283039443558,0.018075327860462842
1984,ND,7.5952251939761126,0.0019968900317568483
1985,ND,7.5672155331347772,-0.028009660841335382
1986,ND,7.5825135865968072,0.015298053462029948
1987,ND,7.5893364683529834,0.00682288175617618
1988,ND,7.5740813613443878,-0.015255107008595559
1989,ND,7.5880028937113178,0.013921532366929945
1990,ND,7.5449102437080642,-0.043092650003253574
1991,ND,7.5380209420306574,-0.0068893016774067561
1992,ND,7.5637925658090275,0.025771623778370056
1993,ND,7.5517851156272942,-0.012007450181733326
1994,ND,7.5431641817169721,-0.0086209339103220373
1995,ND,7.52527970717803,-0.01788447453894193
1996,ND,7.5213528552626752,-0.003926851915355023
1997,ND,7.4706886359799007,-0.050664219282774425
1998,ND,7.4434974839162455,-0.027191152063655188
1999,ND,7.4371778920037626,-0.0063195919124829913
2000,ND,7.4566603145559354,0.019482422552172807
2001,ND,7.4212415554364286,-0.03541875911950676
2002,ND,7.4270440574826733,0.0058025020462446619
2003,ND,7.4055095788126408,-0.021534478670032442
2004,ND,7.4159464732850449,0.010436894472404035
1969,NE,7.3151622300061518,
1970,NE,7.3270245387389137,0.011862308732761839
1971,NE,7.3439873118827421,0.016962773143828436
1972,NE,7.37555249340203,0.03156518151928811
1973,NE,7.3761729352082739,0.00062044180624365453
1974,NE,7.4037459676288728,0.027573032420598942
1975,NE,7.3982595221252252,-0.00548644550364763
1976,NE,7.4332591232572707,0.034999601132045477
1977,NE,7.460420671059989,0.027161547802718289
1978,NE,7.4612908845317136,0.0008702134717246679
1979,NE,7.4786051811188043,0.017314296587090716
1980,NE,7.4890857417921355,0.010480560673331141
1981,NE,7.4939772728661387,0.004891531074003197
1982,NE,7.50432376118552,0.010346488319381564
1983,NE,7.4966352175085831,-0.0076885436769371651
1984,NE,7.5270459268911987,0.030410709382615586
1985,NE,7.5362962755140313,0.0092503486228325826
1986,NE,7.5183505108191477,-0.017945764694883515
1987,NE,7.5059165119535418,-0.012433998865605922
1988,NE,7.5046935401858486,-0.0012229717676932594
1989,NE,7.4790369334729023,-0.025656606712946228
1990,NE,7.5011268863746752,0.022089952901772847
1991,NE,7.4742892961358995,-0.026837590238775633
1992,NE,7.4872412489744216,0.012951952838522018
1993,NE,7.4608081202912393,-0.026433128683182261
1994,NE,7.4500057517569926,-0.010802368534246654
1995,NE,7.4288779672503793,-0.021127784506613345
1996,NE,7.4336679273712454,0.0047899601208660769
1997,NE,7.3798452613176533,-0.053822666053592094
1998,NE,7.3999980364399534,0.020152775122300071
1999,NE,7.3744048201117325,-0.025593216328220869
2000,NE,7.3663354489003821,-0.008069371211350429
2001,NE,7.3527808301488209,-0.013554618751561165
2002,NE,7.3139484476338952,-0.038832382514925712
2003,NE,7.3175947299082624,0.0036462822743672518
2004,NE,7.30214248631377,-0.01545224359449282
1969,NH,7.2644579982922384,
1970,NH,7.3133090673734955,0.048851069081257137
1971,NH,7.3049954098231327,-0.00831365755036284
1972,NH,7.3233799208339816,0.018384511010848925
1973,NH,7.3426827444762521,0.019302823642270539
1974,NH,7.3468102538651552,0.00412750938890305
1975,NH,7.3590261225933347,0.01221586872817948
1976,NH,7.4018659300452141,0.04283980745187943
1977,NH,7.4516762884202192,0.049810358375005137
1978,NH,7.4719998042805331,0.02032351586031389
1979,NH,7.4830317268792088,0.011031922598675692
1980,NH,7.5147146122722139,0.031682885393005122
1981,NH,7.5556151873125268,0.040900575040312859
1982,NH,7.54265572465394,-0.012959462658586496
1983,NH,7.5899831467625427,0.047327422108602413
1984,NH,7.6131011072860124,0.023117960523469705
1985,NH,7.5996964662383562,-0.013404641047656263
1986,NH,7.6171791273794796,0.0174826611411234
1987,NH,7.6180392909001178,0.0008601635206382241
1988,NH,7.6162138350327346,-0.0018254558673831411
1989,NH,7.6271828012013483,0.010968966168613647
1990,NH,7.6287822867516955,0.0015994855503471683
1991,NH,7.6087644045645773,-0.020017882187118197
1992,NH,7.5941017979075314,-0.014662606657045885
1993,NH,7.6130019962431854,0.018900198335654039
1994,NH,7.5912537394226609,-0.021748256820524503
1995,NH,7.592666745268903,0.0014130058462420436
1996,NH,7.6075914418982586,0.014924696629355694
1997,NH,7.5657386289038975,-0.041852812994361166
1998,NH,7.5829498670833848,0.017211238179487331
1999,NH,7.5538005948015519,-0.02914927228183295
2000,NH,7.5613040364169724,0.0075034416154204919
2001,NH,7.5164427462095373,-0.044861290207435012
2002,NH,7.5053461122954772,-0.011096633914060128
2003,NH,7.50411311487448,-0.0012329974209972505
2004,NH,7.4622112825376252,-0.041901832336854739
1969,NJ,7.1265996528691273,
1970,NJ,7.169013337025258,0.042413684156130671
1971,NJ,7.1822696623729163,0.013256325347658304
1972,NJ,7.1903875488147087,0.0081178864417923435
1973,NJ,7.212992335227641,0.0226047864129324
1974,NJ,7.2224793374386049,0.00948700221096388
1975,NJ,7.2225555763298619,7.623889125696337e-05
1976,NJ,7.25259070261379,0.030035126283928015
1977,NJ,7.2675497574285233,0.014959054814733364
1978,NJ,7.276602841404217,0.00905308397569371
1979,NJ,7.2967778426968692,0.020175001292652261
1980,NJ,7.3081565998134463,0.011378757116577098
1981,NJ,7.3186207531402294,0.010464153326783077
1982,NJ,7.3517628085348283,0.033142055394598913
1983,NJ,7.3415090832344783,-0.010253725300350069
1984,NJ,7.3658548776930619,0.024345794458583647
1985,NJ,7.3769617733305246,0.0111068956374627
1986,NJ,7.3775220024561525,0.00056022912562792015
1987,NJ,7.3764282002084132,-0.0010938022477393616
1988,NJ,7.3664513104495386,-0.0099768897588745631
1989,NJ,7.357987828636225,-0.0084634818133135781
1990,NJ,7.3723568069197931,0.01436897828356809
1991,NJ,7.3380093836760718,-0.034347423243721309
1992,NJ,7.353371871828462,0.015362488152390164
1993,NJ,7.3402993668339773,-0.013072504994484646
1994,NJ,7.3367843139178124,-0.00351505291616494
1995,NJ,7.3308008854614979,-0.005983428456314499
1996,NJ,7.327241965362866,-0.0035589200986319014
1997,NJ,7.3124510868146686,-0.014790878548197384
1998,NJ,7.3139462283713286,0.0014951415566599735
1999,NJ,7.3009589437756608,-0.012987284595667781
2000,NJ,7.3281675738048486,0.02720863002918783
2001,NJ,7.2933643329341038,-0.034803240870744823
2002,NJ,7.28142167488457,-0.011942658049533428
2003,NJ,7.2673272948563605,-0.014094380028209841
2004,NJ,7.2470813046664464,-0.020245990189914131
1969,NM,6.9612518836684423,
1970,NM,6.9669310972547258,0.005679213586283538
1971,NM,7.0041479745120077,0.037216877257281844
1972,NM,7.0004090528672842,-0.0037389216447234475
1973,NM,7.0130374562382265,0.012628403370942287
1974,NM,7.0323203956848239,0.019282939446597425
1975,NM,7.0445848709958536,0.012264475311029699
1976,NM,7.0720158575525733,0.027430986556719716
1977,NM,7.0623081340392737,-0.0097077235132996265
1978,NM,7.0849399434337146,0.022631809394440872
1979,NM,7.0925148728120009,0.0075749293782862992
1980,NM,7.1471656928321705,0.054650820020169633
1981,NM,7.1501662382521713,0.003000545420000833
1982,NM,7.1338933467655758,-0.016272891486595498
1983,NM,7.1394927213422932,0.0055993745767173309
1984,NM,7.151413838442604,0.011921117100310852
1985,NM,7.1877839667268706,0.036370128284266556
1986,NM,7.192736744998494,0.004952778271623437
1987,NM,7.1985612723888091,0.0058245273903150263
1988,NM,7.2093944669865522,0.010833194597743123
1989,NM,7.191006866362267,-0.018387600624285128
1990,NM,7.2030426875553619,0.012035821193094876
1991,NM,7.189378315067918,-0.013664372487443899
1992,NM,7.186195791895849,-0.0031825231720690184
1993,NM,7.1660500839855628,-0.020145707910286248
1994,NM,7.1979405588815455,0.031890474895982734
1995,NM,7.1685849498608887,-0.029355609020656814
1996,NM,7.1569458804523416,-0.011639069408547087
1997,NM,7.1661176126156292,0.0091717321632875937
1998,NM,7.1684781162649331,0.0023605036493039577
1999,NM,7.1582100577756371,-0.010268058489296017
2000,NM,7.157988090328737,-0.00022196744690017312
2001,NM,7.1406174052654565,-0.017370685063280433
2002,NM,7.1264274415810611,-0.014189963684395401
2003,NM,7.10623322769139,-0.020194213889671353
2004,NM,7.1114755238842919,0.0052422961929021739
1969,NV,7.0595645975136971,
1970,NV,7.0550544720037749,-0.004510125509922247
1971,NV,7.127155663134765,0.072101191130990117
1972,NV,7.0786435236387248,-0.048512139496040163
1973,NV,7.1169034465700109,0.038259922931286106
1974,NV,7.1501463316816736,0.033242885111662623
1975,NV,7.2030274139219355,0.05288108224026189
1976,NV,7.2365357876256873,0.033508373703751815
1977,NV,7.2368433701334567,0.00030758250776941054
1978,NV,7.2512082425168982,0.014364872383441529
1979,NV,7.2597793975658833,0.00857115504898509
1980,NV,7.2932484415930157,0.033469044027132355
1981,NV,7.2839353872863155,-0.0093130543067001526
1982,NV,7.3357065256738654,0.051771138387549875
1983,NV,7.2765655868517252,-0.059140938822140221
1984,NV,7.3107284307804177,0.03416284392869251
1985,NV,7.3148798596674309,0.0041514288870132532
1986,NV,7.2965572905116041,-0.018322569155826862
1987,NV,7.3108735298418734,0.014316239330269376
1988,NV,7.2690488633969483,-0.041824666444925107
1989,NV,7.2784322044110263,0.009383341014078006
1990,NV,7.2689601702830062,-0.0094720341280201126
1991,NV,7.2792538608073905,0.010293690524384225
1992,NV,7.2767113196588777,-0.0025425411485127114
1993,NV,7.2597623405351861,-0.016948979123691643
1994,NV,7.2409554212775307,-0.01880691925765543
1995,NV,7.2499183812424395,0.0089629599649088121
1996,NV,7.2424246862896275,-0.0074936949528119357
1997,NV,7.2408829003865609,-0.0015417859030666392
1998,NV,7.24472747844677,0.0038445780602094359
1999,NV,7.2527738668851942,0.0080463884384238682
2000,NV,7.2564799662377482,0.0037060993525539487
2001,NV,7.2273507048399237,-0.029129261397824457
2002,NV,7.2147833430404305,-0.012567361799493248
2003,NV,7.1828121953563784,-0.03197114768405207
2004,NV,7.17552136162045,-0.0072908337359285369
1969,NY,7.098314475274508,
1970,NY,7.125104555774878,0.026790080500370017
1971,NY,7.1511044370745092,0.025999881299631156
1972,NY,7.16214228771594,0.011037850641431035
1973,NY,7.2104639035302327,0.048321615814292507
1974,NY,7.2236140746263251,0.0131501710960924
1975,NY,7.2283870719205412,0.004772997294216097
1976,NY,7.2485776086055536,0.020190536685012361
1977,NY,7.2250016881913339,-0.023575920414219631
1978,NY,7.2398638473346315,0.014862159143297582
1979,NY,7.2534381076102212,0.013574260275589722
1980,NY,7.2751856442886629,0.021747536678441648
1981,NY,7.2780278971408521,0.0028422528521891977
1982,NY,7.2937199865000526,0.015692089359200523
1983,NY,7.2910174873555658,-0.0027024991444868363
1984,NY,7.3100624263789591,0.019044939023393326
1985,NY,7.3170081912419951,0.0069457648630359969
1986,NY,7.310208212359508,-0.0067999788824870677
1987,NY,7.2963981387973051,-0.013810073562202874
1988,NY,7.2969487444309538,0.00055060563364861537
1989,NY,7.3095357654630666,0.012587021032112844
1990,NY,7.3201243785515953,0.010588613088528653
1991,NY,7.2991084839424909,-0.021015894609104357
1992,NY,7.320468847972502,0.02136036403001107
1993,NY,7.3052763596873715,-0.015192488285130423
1994,NY,7.3067326288802983,0.0014562691929267402
1995,NY,7.3037175684737994,-0.0030150604064989039
1996,NY,7.3059384068602107,0.0022208383864112946
1997,NY,7.2931359383863086,-0.012802468473902096
1998,NY,7.298832384364295,0.005696445977986464
1999,NY,7.296962346276703,-0.0018700380875920075
2000,NY,7.3060111610717167,0.0090488147950136266
2001,NY,7.2870256394193786,-0.018985521652338022
2002,NY,7.2679422918083674,-0.01908334761101127
2003,NY,7.2608878877168648,-0.0070544040915025974
2004,NY,7.23618446839141,-0.024703419325454945
1969,OH,7.2337251075721456,
1970,OH,7.240028690713415,0.0063035831412694421
1971,OH,7.2817072345700469,0.041678543856631833
1972,OH,7.28571734136544,0.0040101067953930425
1973,OH,7.2921760284125714,0.0064586870471314839
1974,OH,7.30541993903853,0.013243910625958755
1975,OH,7.2993019288141952,-0.0061180102243350021
1976,OH,7.3531593632230621,0.053857434408866922
1977,OH,7.35932375557545,0.0061643923523879707
1978,OH,7.3618652866391789,0.0025415310637288968
1979,OH,7.3794927316946115,0.017627445055432567
1980,OH,7.3894090769246707,0.0099163452300592425
1981,OH,7.3828186989632556,-0.00659037796141515
1982,OH,7.4037682964758806,0.02094959751262504
1983,OH,7.39837086047235,-0.0053974360035304869
1984,OH,7.4268894084522019,0.02851854797985176
1985,OH,7.4172120287757242,-0.0096773796764777487
1986,OH,7.4088635812597587,-0.0083484475159654181
1987,OH,7.4174272361102549,0.00856365485049615
1988,OH,7.4024805024506053,-0.014946733659649603
1989,OH,7.3881472100606516,-0.014333292389953733
1990,OH,7.3815811789126062,-0.0065660311480453259
1991,OH,7.3528795304906973,-0.028701648421908921
1992,OH,7.3663465903971943,0.013467059906496992
1993,OH,7.3453560078491131,-0.020990582548081171
1994,OH,7.3508596790852332,0.0055036712361200557
1995,OH,7.3361133793286575,-0.014746299756575709
1996,OH,7.3367658863172451,0.00065250698858765332
1997,OH,7.3190484744013506,-0.017717411915894488
1998,OH,7.3138288334607173,-0.0052196409406333188
1999,OH,7.3015105309227861,-0.012318302537931203
2000,OH,7.2995160211173324,-0.0019945098054536814
2001,OH,7.2759171170908807,-0.023598904026451706
2002,OH,7.2547094048192688,-0.021207712271611889
2003,OH,7.2468459864641162,-0.0078634183551526959
2004,OH,7.223339385787491,-0.023506600676625133
1969,OK,7.2268758976537439,
1970,OK,7.2325199215738154,0.0056440239200714615
1971,OK,7.2674532809487085,0.034933359374893058
1972,OK,7.2633871269301737,-0.0040661540185347178
1973,OK,7.2810341056335615,0.017646978703387717
1974,OK,7.2750419845609562,-0.005992121072605272
1975,OK,7.2964972248197215,0.021455240258765329
1976,OK,7.3208758852227476,0.024378660403026053
1977,OK,7.34273472255694,0.021858837334192138
1978,OK,7.3639885632380366,0.021253840681096925
1979,OK,7.39162798739843,0.027639424160393666
1980,OK,7.3974706226717339,0.0058426352733036424
1981,OK,7.3995114124494048,0.0020407897776708595
1982,OK,7.3930209111969223,-0.0064905012524825167
1983,OK,7.3905596543388086,-0.002461256858113714
1984,OK,7.4195159361599528,0.028956281821144181
1985,OK,7.41043420879193,-0.0090817273680228183
1986,OK,7.4037355528631119,-0.00669865592881802
1987,OK,7.3931336321608168,-0.010601920702295153
1988,OK,7.4059959539230249,0.01286232176220814
1989,OK,7.4035481697066636,-0.0024477842163612706
1990,OK,7.40698268841225,0.00343451870558642
1991,OK,7.3906058169454925,-0.016376871466757592
1992,OK,7.4050105217669087,0.014404704821416203
1993,OK,7.3937783327312472,-0.011232189035661477
1994,OK,7.3700755538221188,-0.023702778909128419
1995,OK,7.3600948831240185,-0.0099806706981002691
1996,OK,7.3383605583725346,-0.021734324751483847
1997,OK,7.3339750807594166,-0.0043854776131180273
1998,OK,7.3337324589524577,-0.00024262180695888702
1999,OK,7.3110831897778255,-0.022649269174632281
2000,OK,7.3055969902549007,-0.0054861995229247285
2001,OK,7.2699039099655129,-0.03569308028938778
2002,OK,7.2527384705816127,-0.017165439383900249
2003,OK,7.2359027783605532,-0.016835692221059517
2004,OK,7.2040887124906448,-0.031814065869908426
1969,OR,7.3563778849997377,
1970,OR,7.4091620863081484,0.052784201308410772
1971,OR,7.4279859445244725,0.018823858216324041
1972,OR,7.4417719726429077,0.013786028118435212
1973,OR,7.4578670274069543,0.0160950547640466
1974,OR,7.4654846747541539,0.0076176473471996076
1975,OR,7.4894196854127761,0.023935010658622247
1976,OR,7.5269842855702143,0.037564600157438122
1977,OR,7.5490580141443919,0.022073728574177665
1978,OR,7.5385450093274287,-0.010513004816963267
1979,OR,7.5449326407447419,0.0063876314173132442
1980,OR,7.5791796965345277,0.034247055789785819
1981,OR,7.5811072108876685,0.0019275143531407579
1982,OR,7.5963275625934186,0.01522035170575009
1983,OR,7.5938728894226788,-0.002454673170739774
1984,OR,7.5996756943718076,0.00580280494912877
1985,OR,7.5874191407900016,-0.012256553581805996
1986,OR,7.5911636202654957,0.0037444794754941668
1987,OR,7.5657885442293962,-0.025375076036099564
1988,OR,7.5773993229228367,0.011610778693440515
1989,OR,7.5702377907134188,-0.0071615322094178424
1990,OR,7.575170370391862,0.004932579678443183
1991,OR,7.5710091067702416,-0.0041612636216203924
1992,OR,7.5600088910654559,-0.01100021570478571
1993,OR,7.5531067549384527,-0.0069021361270031889
1994,OR,7.55223145100295,-0.00087530393550316887
1995,OR,7.5408512490857911,-0.011380201917158494
1996,OR,7.5352752678131214,-0.0055759812726696723
1997,OR,7.5140482952335,-0.021226972579621695
1998,OR,7.5218983561266022,0.0078500608931024729
1999,OR,7.5205245439545658,-0.0013738121720363594
2000,OR,7.5082294526620688,-0.012295091292497062
2001,OR,7.4963291679417488,-0.011900284720320009
2002,OR,7.4691853985790146,-0.027143769362734105
2003,OR,7.442219669379039,-0.026965729199975641
2004,OR,7.43029644183762,-0.011923227541418946
1969,PA,7.1955394801117221,
1970,PA,7.2100489322397552,0.014509452128033118
1971,PA,7.2336088260389388,0.023559893799183662
1972,PA,7.2411220407398424,0.0075132147009036032
1973,PA,7.2624245743925568,0.021302533652714395
1974,PA,7.2688630322132965,0.006438457820739707
1975,PA,7.28452772609329,0.015664693879993585
1976,PA,7.3082177619813313,0.023690035888041194
1977,PA,7.3216488988781174,0.0134311368967861
1978,PA,7.3357871003024684,0.01413820142435096
1979,PA,7.35541314828479,0.019626047982321815
1980,PA,7.3704044452287718,0.014991296943981602
1981,PA,7.37653115000517,0.0061267047763982063
1982,PA,7.3888747397180223,0.012343589712852321
1983,PA,7.3824310920061889,-0.0064436477118334778
1984,PA,7.39616857100752,0.013737479001330932
1985,PA,7.3924966417453764,-0.0036719292621434363
1986,PA,7.3804241231490986,-0.012072518596277781
1987,PA,7.3685850004577365,-0.011839122691362114
1988,PA,7.3714536206601728,0.0028686202024363894
1989,PA,7.363294222912752,-0.0081593977474208046
1990,PA,7.3680109177384079,0.0047166948256558427
1991,PA,7.3527791511596448,-0.015231766578763128
1992,PA,7.3708456584079993,0.018066507248354569
1993,PA,7.354260914213671,-0.016584744194328316
1994,PA,7.3621462979351957,0.0078853837215246969
1995,PA,7.3578915724115568,-0.0042547255236389248
1996,PA,7.3600836660567932,0.0021920936452364259
1997,PA,7.3402001211808923,-0.019883544875900938
1998,PA,7.3492249959082914,0.0090248747273991015
1999,PA,7.333324281202878,-0.015900714705413321
2000,PA,7.344322886363253,0.010998605160374986
2001,PA,7.3177904129062963,-0.026532473456956751
2002,PA,7.29218997591882,-0.025600436987476272
2003,PA,7.2860737894532264,-0.0061161864655936427
2004,PA,7.2645710662973793,-0.021502723155847114
1969,RI,7.1927704053791848,
1970,RI,7.2411048341479978,0.048334428768813
1971,RI,7.2958524694858315,0.054747635337833778
1972,RI,7.2910307965261962,-0.0048216729596353147
1973,RI,7.31226325555639,0.021232459030193773
1974,RI,7.3095051478002553,-0.00275810775613472
1975,RI,7.30221344949469,-0.0072916983055648643
1976,RI,7.3354188410659944,0.033205391571303977
1977,RI,7.3349259260894684,-0.00049291497652603766
1978,RI,7.3418502363439515,0.0069243102544831459
1979,RI,7.3448090285708965,0.0029587922269449507
1980,RI,7.3797801497013138,0.034971121130417337
1981,RI,7.3986572040282583,0.018877054326944531
1982,RI,7.4098077973419354,0.011150593313677071
1983,RI,7.4005251219806825,-0.0092826753612529345
1984,RI,7.4065055500513051,0.005980428070622601
1985,RI,7.4222784430820932,0.015772893030788104
1986,RI,7.41127747759994,-0.011000965482153013
1987,RI,7.4167173515870193,0.0054398739870791246
1988,RI,7.407021454242904,-0.0096958973441152452
1989,RI,7.417953171557337,0.010931717314432987
1990,RI,7.4023349083924153,-0.015618263164921764
1991,RI,7.4012616606677977,-0.0010732477246175876
1992,RI,7.4090434871230277,0.0077818264552300676
1993,RI,7.3881432466761936,-0.02090024044683414
1994,RI,7.3943955603589515,0.0062523136827579151
1995,RI,7.386619193530966,-0.007776366827985548
1996,RI,7.3807610968777055,-0.0058580966532604251
1997,RI,7.3522515642053747,-0.028509532672330806
1998,RI,7.3280683237052608,-0.024183240500113889
1999,RI,7.3457677088467666,0.017699385141505708
2000,RI,7.337724935881039,-0.00804277296572753
2001,RI,7.3044561535879682,-0.033268782293070842
2002,RI,7.2932902313305572,-0.011165922257410976
2003,RI,7.2501965808803535,-0.043093650450203747
2004,RI,7.2737826224343234,0.023586041553969928
1969,SC,7.0767759476711687,
1970,SC,7.12767526412292,0.050899316451751275
1971,SC,7.1511880059581321,0.023512741835212125
1972,SC,7.1748012923636653,0.023613286405533174
1973,SC,7.1858788405353717,0.011077548171706475
1974,SC,7.1616854208244733,-0.024193419710898389
1975,SC,7.1680849203572246,0.0063994995327512072
1976,SC,7.1892497466835152,0.021164826326290687
1977,SC,7.1804893220251191,-0.0087604246583961043
1978,SC,7.1821088540933316,0.0016195320682124148
1979,SC,7.2131875129541392,0.031078658860807629
1980,SC,7.21713858393496,0.0039510709808210365
1981,SC,7.2044159341212461,-0.012722649813714071
1982,SC,7.1964357858876857,-0.0079801482335604135
1983,SC,7.2235666333945057,0.027130847506819933
1984,SC,7.2302774773738072,0.0067108439793015506
1985,SC,7.2413982373190873,0.011120759945280057
1986,SC,7.2358246836441209,-0.0055735536749663694
1987,SC,7.223769883120589,-0.012054800523531917
1988,SC,7.2246326996723145,0.0008628165517254871
1989,SC,7.1866725825650741,-0.037960117107240343
1990,SC,7.2066594726770115,0.019986890111937328
1991,SC,7.1787186162555114,-0.027940856421500015
1992,SC,7.1927125397984089,0.013993923542897413
1993,SC,7.1715891379606482,-0.021123401837760625
1994,SC,7.1790713692815142,0.0074822313208660063
1995,SC,7.1700374541640475,-0.009033915117466762
1996,SC,7.1798136127621115,0.009776158598064022
1997,SC,7.1687966588162091,-0.011016953945902408
1998,SC,7.1535746722556883,-0.015221986560520762
1999,SC,7.1464623503336542,-0.0071123219220341483
2000,SC,7.1488583819763019,0.002396031642647678
2001,SC,7.1300309898606322,-0.018827392115669639
2002,SC,7.1076032801354829,-0.022427709725149292
2003,SC,7.0888292617654232,-0.018774018370059764
2004,SC,7.0664981630535229,-0.02233109871190031
1969,SD,7.4124748463690251,
1970,SD,7.4190671896619262,0.0065923432929011483
1971,SD,7.4599038750517108,0.040836685389784577
1972,SD,7.4277548262202924,-0.032149048831418447
1973,SD,7.4282416874308277,0.0004868612105353165
1974,SD,7.42697287614301,-0.0012688112878178615
1975,SD,7.4715497238153983,0.044576847672388453
1976,SD,7.522999211308016,0.051449487492617685
1977,SD,7.4928503774066186,-0.030148833901397332
1978,SD,7.56407480695296,0.071224429546341561
1979,SD,7.5759325616864466,0.011857754733486381
1980,SD,7.5635559024247989,-0.01237665926164766
1981,SD,7.5513697871475518,-0.012186115277247112
1982,SD,7.5873476308416956,0.035977843694143807
1983,SD,7.5786706363130243,-0.0086769945286713224
1984,SD,7.5795022275422683,0.00083159122924403306
1985,SD,7.5725455363978424,-0.006956691144425875
1986,SD,7.5376218058260873,-0.034923730571755129
1987,SD,7.5498823105865247,0.012260504760437385
1988,SD,7.5643925978735256,0.014510287287000878
1989,SD,7.5506851147049305,-0.013707483168595047
1990,SD,7.5435991347871854,-0.0070859799177451777
1991,SD,7.5139252362061617,-0.02967389858102365
1992,SD,7.5034283426449955,-0.010496893561166232
1993,SD,7.4991114555735843,-0.0043168870714112018
1994,SD,7.4807154541092453,-0.018396001464338951
1995,SD,7.4721382128723652,-0.0085772412368800843
1996,SD,7.4511165931384422,-0.021021619733923025
1997,SD,7.4577531561440162,0.0066365630055740255
1998,SD,7.435918960052458,-0.021834196091558233
1999,SD,7.3978430277061218,-0.038075932346336216
2000,SD,7.4193005432586157,0.021457515552493867
2001,SD,7.3751211875397411,-0.044179355718874547
2002,SD,7.3534687941154688,-0.021652393424272276
2003,SD,7.3482633566468429,-0.0052054374686258953
2004,SD,7.3371881349542551,-0.011075221692587789
1969,TN,7.1954651015582662,
1970,TN,7.1955329040306388,6.7802472372591183e-05
1971,TN,7.22350674856542,0.027973844534781023
1972,TN,7.2253826171301947,0.0018758685647748408
1973,TN,7.2421338848403272,0.016751267710132467
1974,TN,7.2428689090980951,0.00073502425776794666
1975,TN,7.2591757943365494,0.01630688523845425
1976,TN,7.2880746851400362,0.028898890803486843
1977,TN,7.28832904766331,0.00025436252327359909
1978,TN,7.275446967757536,-0.012882079905773836
1979,TN,7.2941484347229828,0.018701466965446834
1980,TN,7.2877773155341607,-0.00637111918882205
1981,TN,7.278237350534944,-0.0095399649992167213
1982,TN,7.2904805431813857,0.012243192646441692
1983,TN,7.2876302755841316,-0.0028502675972541525
1984,TN,7.2906732375143761,0.0030429619302445587
1985,TN,7.2811157189031572,-0.0095575186112188959
1986,TN,7.28586569962437,0.0047499807212130207
1987,TN,7.2764578214052493,-0.0094078782191209243
1988,TN,7.2833259655657079,0.0068681441604585558
1989,TN,7.2477211652594491,-0.035604800306258788
1990,TN,7.2518456841548273,0.0041245188953782375
1991,TN,7.2217286204078208,-0.030117063747006512
1992,TN,7.2377578330560794,0.016029212648258628
1993,TN,7.2184883741514687,-0.019269458904610737
1994,TN,7.2135850993191841,-0.0049032748322845876
1995,TN,7.2125461450618511,-0.0010389542573330246
1996,TN,7.2114805834369413,-0.0010655616249097832
1997,TN,7.1955099987681139,-0.015970584668827392
1998,TN,7.19139681146651,-0.0041131873016038156
1999,TN,7.1691220519627663,-0.022274759503743802
2000,TN,7.1717907282459308,0.0026686762831644728
2001,TN,7.14660223167456,-0.025188496571370678
2002,TN,7.1400652293892151,-0.0065370022853450394
2003,TN,7.1233664256571227,-0.016698803732092315
2004,TN,7.1280932881057009,0.0047268624485781174
1969,TX,7.1950558791309369,
1970,TX,7.206902987930822,0.011847108799885042
1971,TX,7.23568918528364,0.028786197352817844
1972,TX,7.2236744655656207,-0.012014719718019151
1973,TX,7.2439266937599607,0.020252228194340027
1974,TX,7.2477548943313357,0.0038282005713750067
1975,TX,7.2561394856720813,0.00838459134074565
1976,TX,7.2828879215338675,0.026748435861786213
1977,TX,7.2954202315622787,0.012532310028411153
1978,TX,7.3068526936129325,0.011432462050653847
1979,TX,7.3241968634658869,0.017344169852954394
1980,TX,7.3365759730620841,0.012379109596197146
1981,TX,7.3302396112985546,-0.0063363617635294744
1982,TX,7.3366476925103523,0.0064080812117977
1983,TX,7.33266338947166,-0.0039843030386919054
1984,TX,7.3464037460024239,0.013740356530763442
1985,TX,7.34635604369161,-4.7702310813413362e-05
1986,TX,7.3384396660697142,-0.0079163776218962312
1987,TX,7.33380403680795,-0.0046356292617639738
1988,TX,7.3387910706277681,0.00498703381981791
1989,TX,7.3256761640034647,-0.01311490662430348
1990,TX,7.3232795963124451,-0.002396567691019591
1991,TX,7.311887674669955,-0.011391921642490033
1992,TX,7.32543324738761,0.013545572717655219
1993,TX,7.2997283468599949,-0.025704900527615315
1994,TX,7.3105271703850265,0.010798823525031587
1995,TX,7.3013791855436141,-0.0091479848414124376
1996,TX,7.2896621657689487,-0.011717019774665438
1997,TX,7.2858778225518135,-0.0037843432171351665
1998,TX,7.2742851845274226,-0.011592638024390922
1999,TX,7.2745134803796985,0.00022829585227590599
2000,TX,7.2715274986164662,-0.0029859817632322816
2001,TX,7.2451072580782023,-0.026420240538263862
2002,TX,7.2238769846587463,-0.021230273419456047
2003,TX,7.2007831883292051,-0.023093796329541227
2004,TX,7.1770496041356058,-0.023733584193599278
1969,UT,7.249513766501039,
1970,UT,7.249520886680207,7.1201791680408633e-06
1971,UT,7.2913297239033872,0.041808837223180184
1972,UT,7.3109755257180034,0.019645801814616171
1973,UT,7.3509219310493688,0.0399464053313654
1974,UT,7.4016882819623975,0.050766350913028724
1975,UT,7.3573705042596469,-0.044317777702750583
1976,UT,7.4005918260346055,0.043221321774958632
1977,UT,7.4148800978004035,0.014288271765797944
1978,UT,7.3969045616683919,-0.017975536132011527
1979,UT,7.4042248855820638,0.0073203239136718778
1980,UT,7.4254425169428711,0.021217631360807232
1981,UT,7.4166716493439315,-0.0087708675989395246
1982,UT,7.3976752082479464,-0.018996441095985084
1983,UT,7.3842593806106871,-0.013415827637259348
1984,UT,7.39423281255498,0.0099734319442932318
1985,UT,7.3813231875580785,-0.012909624996901847
1986,UT,7.3777630162502481,-0.0035601713078303732
1987,UT,7.3605108260424492,-0.01725219020779889
1988,UT,7.36833417542665,0.0078233493842008173
1989,UT,7.3425886332297061,-0.025745542196943916
1990,UT,7.3344985659626,-0.008090067267105816
1991,UT,7.32952124641601,-0.0049773195465903086
1992,UT,7.347551310950676,0.018030064534666046
1993,UT,7.3274664928187905,-0.020084818131885562
1994,UT,7.3237876812387928,-0.0036788115799977206
1995,UT,7.2938021337619849,-0.029985547476807817
1996,UT,7.2748201624544393,-0.018981971307545642
1997,UT,7.2687696543322984,-0.0060505081221409185
1998,UT,7.2555840408611756,-0.013185613471122792
1999,UT,7.2397146226175284,-0.015869418243647182
2000,UT,7.259502288960384,0.019787666342855559
2001,UT,7.2460438798831195,-0.013458409077264477
2002,UT,7.2478991746963546,0.0018552948132350977
2003,UT,7.2350929432295121,-0.012806231466842455
2004,UT,7.2285857161505289,-0.0065072270789832132
1969,VA,7.1463215324213083,
1970,VA,7.1671039151761606,0.020782382754852335
1971,VA,7.1950810403836121,0.027977125207451436
1972,VA,7.2245755303562458,0.029494489972633708
1973,VA,7.2596655236633918,0.035089993307146017
1974,VA,7.275659658824301,0.015994135160909195
1975,VA,7.2669517498401559,-0.0087079089841450852
1976,VA,7.2959644628694376,0.029012713029281656
1977,VA,7.30997894825231,0.014014485382872088
1978,VA,7.32111133389639,0.011132385644080145
1979,VA,7.3195900761855066,-0.0015212577108831837
1980,VA,7.3178698096096282,-0.0017202665758784264
1981,VA,7.3366051345050369,0.018735324895408745
1982,VA,7.3451984990980392,0.0085933645930023062
1983,VA,7.3579705124194748,0.012772013321435516
1984,VA,7.3780240137214941,0.020053501302019328
1985,VA,7.3864953061760961,0.0084712924546019863
1986,VA,7.3726543323720124,-0.013840973804083667
1987,VA,7.3751552596735195,0.0025009273015070832
1988,VA,7.3768277760083683,0.0016725163348487726
1989,VA,7.375111748482019,-0.0017160275263492508
1990,VA,7.3653082613771641,-0.0098034871048549022
1991,VA,7.3468279387934174,-0.018480322583746656
1992,VA,7.3531816539254864,0.0063537151320689489
1993,VA,7.3448514928881057,-0.0083301610373807122
1994,VA,7.3420353890985943,-0.0028161037895113594
1995,VA,7.3246183306525321,-0.017417058446062228
1996,VA,7.3212004567987,-0.0034178738538317432
1997,VA,7.31098189320298,-0.010218563595720376
1998,VA,7.3075593436720139,-0.0034225495309661014
1999,VA,7.3104806880289983,0.0029213443569844344
2000,VA,7.2976157270659536,-0.01286496096304468
2001,VA,7.2872930858441958,-0.010322641221757856
2002,VA,7.2685394700930717,-0.018753615751124109
2003,VA,7.2521236504279827,-0.016415819665088982
2004,VA,7.2339153392245956,-0.018208311203387062
1969,VT,7.1884983047727218,
1970,VT,7.20716846091441,0.01867015614168821
1971,VT,7.286883874105289,0.079715413190879048
1972,VT,7.2950684056232538,0.0081845315179647216
1973,VT,7.3442967505123855,0.049228344889131748
1974,VT,7.3690025069753675,0.024705756462982009
1975,VT,7.3763838595497111,0.00738135257434358
1976,VT,7.37622794335637,-0.00015591619334109907
1977,VT,7.3722035575290841,-0.0040243858272859256
1978,VT,7.4070958149823944,0.034892257453310371
1979,VT,7.4319440770043306,0.024848262021936129
1980,VT,7.3963649784386085,-0.035579098565722056
1981,VT,7.4466982382834948,0.050333259844886236
1982,VT,7.4288875217315393,-0.01781071655195543
1983,VT,7.4307108035949678,0.0018232818634285053
1984,VT,7.4803131260055622,0.049602322410594368
1985,VT,7.4717278687071271,-0.0085852572984350672
1986,VT,7.4917229859361347,0.019995117229007597
1987,VT,7.4417082753667554,-0.050014710569379339
1988,VT,7.4944415064842955,0.052733231117540136
1989,VT,7.4994857148636731,0.0050442083793775794
1990,VT,7.513623814442477,0.014138099578803853
1991,VT,7.4745823766116546,-0.039041437830822368
1992,VT,7.5037534515477331,0.029171074936078512
1993,VT,7.5160361129233877,0.012282661375654591
1994,VT,7.473617170023136,-0.042418942900251722
1995,VT,7.5037810143386441,0.030163844315508115
1996,VT,7.4498406408357711,-0.053940373502872951
1997,VT,7.471182627646205,0.021341986810433866
1998,VT,7.4934339395785523,0.022251311932347306
1999,VT,7.5140386581071219,0.0206047185285696
2000,VT,7.5061787419982142,-0.007859916108907683
2001,VT,7.5088155312370306,0.0026367892388163838
2002,VT,7.4970927169635475,-0.011722814273483095
2003,VT,7.4723227064900755,-0.024770010473472048
2004,VT,7.4785992852533623,0.0062765787632868
1969,WA,7.3130082029066656,
1970,WA,7.3453675760510446,0.032359373144378978
1971,WA,7.3750103867516135,0.029642810700568845
1972,WA,7.3894159888049105,0.014405602053296995
1973,WA,7.4197191660234951,0.030303177218584665
1974,WA,7.457430809103581,0.0377116430800859
1975,WA,7.4636804547960516,0.0062496456924705512
1976,WA,7.5246708234972344,0.060990368701182796
1977,WA,7.528057199699095,0.0033863762018606636
1978,WA,7.534632358873198,0.0065751591741030069
1979,WA,7.5636880859923776,0.029055727119179586
1980,WA,7.5709603900057667,0.0072723040133890748
1981,WA,7.5621177862430784,-0.0088426037626883058
1982,WA,7.5830134372244364,0.020895650981358038
1983,WA,7.5894138880389708,0.0064004508145343308
1984,WA,7.5997563958415508,0.010342507802580059
1985,WA,7.6054606523667534,0.0057042565252025668
1986,WA,7.5989940562552629,-0.0064665961114904746
1987,WA,7.5899770523579608,-0.00901700389730209
1988,WA,7.588378514296088,-0.0015985380618728229
1989,WA,7.5679206581275018,-0.020457856168586197
1990,WA,7.5699135755395313,0.0019929174120294491
1991,WA,7.5753595872861306,0.0054460117465993108
1992,WA,7.563258314772404,-0.012101272513726613
1993,WA,7.5655557597561209,0.0022974449837169786
1994,WA,7.5659676892027639,0.00041192944664292241
1995,WA,7.5470887532217432,-0.018878935981020639
1996,WA,7.538642910717833,-0.0084458425039102281
1997,WA,7.5235478228641135,-0.015095087853719491
1998,WA,7.5184379826624657,-0.0051098402016478417
1999,WA,7.5155732135791427,-0.0028647690833230044
2000,WA,7.5298835349035231,0.014310321324380482
2001,WA,7.50746910823519,-0.022414426668333043
2002,WA,7.4982361383297507,-0.0092329699054394254
2003,WA,7.4654135399869137,-0.032822598342836962
2004,WA,7.4447226770013968,-0.020690862985516922
1969,WI,7.3499079043090951,
1970,WI,7.3606824060352647,0.010774501726169561
1971,WI,7.3773630086050677,0.016680602569802971
1972,WI,7.3977435584631159,0.020380549858048269
1973,WI,7.4167215289577317,0.018977970494615803
1974,WI,7.4234112472497573,0.0066897182920255815
1975,WI,7.4512603829428352,0.027849135693077898
1976,WI,7.4855011373363327,0.0342407543934975
1977,WI,7.5074952630739826,0.021994125737649917
1978,WI,7.5135056805335116,0.0060104174595290161
1979,WI,7.541491639529152,0.027985958995640381
1980,WI,7.5437879962846575,0.0022963567555054354
1981,WI,7.546056249195928,0.0022682529112705296
1982,WI,7.5614813793487432,0.015425130152815214
1983,WI,7.5482513228855836,-0.013230056463159556
1984,WI,7.5659567392761851,0.017705416390601414
1985,WI,7.553923926822149,-0.01203281245403609
1986,WI,7.5566543850749355,0.0027304582527865051
1987,WI,7.5456983273610421,-0.010956057713893408
1988,WI,7.53697088018862,-0.0087274471724221314
1989,WI,7.5111151902779856,-0.025855689910634361
1990,WI,7.5107036012162425,-0.00041158906174310061
1991,WI,7.4846335927299013,-0.026070008486341223
1992,WI,7.5056940265051715,0.021060433775270226
1993,WI,7.4764197390548777,-0.029274287450293812
1994,WI,7.4661567162646865,-0.0102630227901912
1995,WI,7.476563743782056,0.010407027517369549
1996,WI,7.4710538202669108,-0.0055099235151452319
1997,WI,7.4639654511203144,-0.007088369146596385
1998,WI,7.4586582721305685,-0.0053071789897458643
1999,WI,7.4594020073888636,0.00074373525829507514
2000,WI,7.4566562581692795,-0.0027457492195841482
2001,WI,7.4295463812835347,-0.027109876885744733
2002,WI,7.4231272840283893,-0.006419097255145445
2003,WI,7.4067703213081835,-0.016356962720205814
2004,WI,7.3949152351328156,-0.011855086175367902
1969,WV,7.2295147816270893,
1970,WV,7.2521831693254724,0.022668387698383086
1971,WV,7.2873364340281679,0.03515326470269553
1972,WV,7.3023415175524242,0.015005083524256335
1973,WV,7.3376612304256055,0.035319712873181253
1974,WV,7.3054940689206305,-0.032167161504975006
1975,WV,7.3290266210688273,0.023532552148196828
1976,WV,7.3648975896085727,0.035870968539745363
1977,WV,7.3735089141162549,0.0086113245076822054
1978,WV,7.3714718323106316,-0.0020370818056232309
1979,WV,7.3876291540123225,0.016157321701690819
1980,WV,7.3958747572521695,0.0082456032398470214
1981,WV,7.3745064314000865,-0.021368325852082926
1982,WV,7.3972719831392579,0.022765551739171386
1983,WV,7.3895387734761,-0.0077332096631579361
1984,WV,7.3791592918862037,-0.010379481589896322
1985,WV,7.3851790992751223,0.0060198073889186077
1986,WV,7.3832319566389035,-0.0019471426362187572
1987,WV,7.373997179742525,-0.0092347768963785271
1988,WV,7.4076763402463373,0.033679160503812255
1989,WV,7.3810408455942413,-0.026635494652095915
1990,WV,7.3558318346963931,-0.025209010897848216
1991,WV,7.3473456551749736,-0.0084861795214195013
1992,WV,7.3514404610410633,0.0040948058660896791
1993,WV,7.3232901290386634,-0.028150332002399914
1994,WV,7.3215571582994308,-0.00173297073923262
1995,WV,7.286341682816837,-0.035215475482593739
1996,WV,7.2966741352731939,0.010332452456356833
1997,WV,7.2622794755313995,-0.034394659741794342
1998,WV,7.2591372094375615,-0.0031422660938380531
1999,WV,7.2522201478119337,-0.0069170616256277739
2000,WV,7.2350184709286438,-0.017201676883289885
2001,WV,7.2199980468668583,-0.015020424061785498
2002,WV,7.1613866450100474,-0.058611401856810907
2003,WV,7.1600893106925181,-0.0012973343175293195
2004,WV,7.1288107330807815,-0.03127857761173658
1969,WY,7.0170154916276424,
1970,WY,7.046557388276522,0.029541896648879629
1971,WY,7.0827131635257983,0.036155775249276267
1972,WY,7.0417550782980483,-0.040958085227750018
1973,WY,7.0507885096533531,0.0090334313553048773
1974,WY,7.0635134364691323,0.012724926815779192
1975,WY,7.0695924554997758,0.0060790190306434511
1976,WY,7.1242882908850351,0.05469583538525935
1977,WY,7.0880200947900773,-0.036268196094957794
1978,WY,7.1809269789096808,0.092906884119603461
1979,WY,7.1986531410957415,0.017726162186060712
1980,WY,7.2153649833672446,0.01671184227150313
1981,WY,7.2406064913128239,0.025241507945579222
1982,WY,7.2270577069288455,-0.01354878438397833
1983,WY,7.2312885037322037,0.0042307968033581389
1984,WY,7.259087332520048,0.027798828787844343
1985,WY,7.2335746382770774,-0.025512694242970646
1986,WY,7.2662137364108181,0.032639098133740774
1987,WY,7.2479097492740827,-0.018303987136735422
1988,WY,7.2298361611623383,-0.018073588111744421
1989,WY,7.250514107750293,0.020677946587954743
1990,WY,7.2446042582693009,-0.0059098494809921576
1991,WY,7.2195198434619661,-0.025084414807334809
1992,WY,7.2408185660966069,0.021298722634640832
1993,WY,7.2401053671073505,-0.00071319898925636949
1994,WY,7.1633390392776386,-0.076766327829711933
1995,WY,7.2340155890251667,0.070676549747528128
1996,WY,7.2095847880697015,-0.024430800955465237
1997,WY,7.16588619341652,-0.043698594653181821
1998,WY,7.1726958436514954,0.006809650234975706
1999,WY,7.1637356358367015,-0.0089602078147938968
2000,WY,7.1684371728782486,0.004701537041547077
2001,WY,7.1494257238005519,-0.019011449077696696
2002,WY,7.13730521550068,-0.012120508299871879
2003,WY,7.096391572443749,-0.040913643056931015
2004,WY,7.116574806391978,0.020183233948229073
